-- phpMyAdmin SQL Dump
-- version 5.1.1
-- https://www.phpmyadmin.net/
--
-- Host: localhost
-- Generation Time: Apr 21, 2022 at 11:50 AM
-- Server version: 10.4.22-MariaDB
-- PHP Version: 8.1.2

SET SQL_MODE = "NO_AUTO_VALUE_ON_ZERO";
START TRANSACTION;
SET time_zone = "+00:00";


/*!40101 SET @OLD_CHARACTER_SET_CLIENT=@@CHARACTER_SET_CLIENT */;
/*!40101 SET @OLD_CHARACTER_SET_RESULTS=@@CHARACTER_SET_RESULTS */;
/*!40101 SET @OLD_COLLATION_CONNECTION=@@COLLATION_CONNECTION */;
/*!40101 SET NAMES utf8mb4 */;

--
-- Database: `shibamarket`
--

-- --------------------------------------------------------

--
-- Table structure for table `category`
--

CREATE TABLE `category` (
  `id` int(11) NOT NULL,
  `name` varchar(55) DEFAULT NULL
) ENGINE=InnoDB DEFAULT CHARSET=utf8mb4;

--
-- Dumping data for table `category`
--

INSERT INTO `category` (`id`, `name`) VALUES
(1, 'Rau củ'),
(2, 'Trái cây'),
(3, 'Thực phẩm đóng gói'),
(4, 'Thực phẩm tươi'),
(5, 'Tạp hóa phẩm'),
(6, 'Nước uống'),
(7, 'Quần áo nam'),
(8, 'Quần áo nữ'),
(9, 'Gia dụng'),
(10, 'Đặc biệt');

-- --------------------------------------------------------

--
-- Table structure for table `chat`
--

CREATE TABLE `chat` (
  `id` int(11) NOT NULL,
  `sender` int(11) NOT NULL,
  `reciever` int(11) NOT NULL,
  `content` text NOT NULL,
  `time` timestamp NOT NULL DEFAULT current_timestamp() ON UPDATE current_timestamp()
) ENGINE=InnoDB DEFAULT CHARSET=utf8mb4;

-- --------------------------------------------------------

--
-- Table structure for table `goods`
--

CREATE TABLE `goods` (
  `id` int(11) NOT NULL,
  `name` varchar(25) DEFAULT NULL,
  `description` text DEFAULT NULL,
  `buyPrice` int(25) DEFAULT NULL,
  `sellPrice` int(25) DEFAULT NULL,
  `discount` float DEFAULT NULL,
  `amount` int(11) DEFAULT NULL,
  `category` int(11) DEFAULT NULL,
  `position` int(11) DEFAULT NULL,
  `good_img` text NOT NULL
) ENGINE=InnoDB DEFAULT CHARSET=utf8mb4;

--
-- Dumping data for table `goods`
--

INSERT INTO `goods` (`id`, `name`, `description`, `buyPrice`, `sellPrice`, `discount`, `amount`, `category`, `position`, `good_img`) VALUES
(1, 'snack oshi bap xanh', 'ko mo ta gi het', 2100, 5000, 12, 3, 3, 1, 'data:image/jpeg;base64,/9j/4AAQSkZJRgABAQAAAQABAAD/2wCEAAkGBxMTEhUTExMWFRUXFxUYFxgYGBYXHRcXFxcXGRcXGBkaHyggGBolHhgVITEhJSkrLy4uGh8zODMtNygtLisBCgoKDg0OGxAQGzIlICUtLS8vLTcwLS0tLS8wLS0vNS0vMi0tLS0vLS0tLS0tKy8tLS0tLS0tLS0tLS0tLS0tLf/AABEIAMIBAwMBIgACEQEDEQH/xAAbAAEAAwEBAQEAAAAAAAAAAAAAAwQFAgYBB//EAEIQAAIBAgQDBQUGAwcCBwAAAAECEQADBBIhMQVBURMiYXGBBjKRobFCUsHR4fAVI3IUFjNigpLxU6IlQ2OTssLS/8QAGgEBAAMBAQEAAAAAAAAAAAAAAAMEBQIGAf/EADMRAAEDAgQDBwQCAgMBAAAAAAEAAhEDIQQSMUFRYXEFE4GRobHwIjLB4RTRQvEVUnIj/9oADAMBAAIRAxEAPwD9xpSlESlKURKUpRFxnHWuDiUmMwnzrM4xgXYDJcZJ3OhjUGR8I9awcT7LOe8mLvAnXvGRMk6DSNzUrWNO6pVMQ9hjL8817Ltl6iq1zilobuvLmDvt6V4seyV77V6dt1J20HPkNKD2VuDa8R/p/WpBQbu5VX9oVv8AGn5r2v8AEbf3xy5jntzrn+LWvvfvavGngeJT3XV/iK+WuHX7hglUA9SfhXQw7OKid2lXBjJ7r0t/2iQGEXN6x8NDX1PaND9k/GsfD+z6jVrrE+ED86tHg9sRLvrtqomPCKFlILluKxhvI6WWg/tBbHIj0/KorntGg2Bb5fU+tU34ShM5z6ifyp/BlOmf8Pxp3dNdfy8UbW9P7Vz+8Wv+GY/q/CpDx8fcPy/Os48C6XH+X5VyOEsPtT5ihp0yvgxOLGvsFcfj7zoix4kn5ivq+0Z/6YPk36VRbhZ6j4VE3D3H3a67qmozi8UN/Qf0tZPaIc7Z9CD9YqT+8dv7r/AfnWCcHc5R8agfAX+g+NfO5Yvo7QxAHHwXq7fHbJE5o89PrVheI2zswPqPz8RXhH4df6D0P51VfAX+afMUOHbsV2O1Ko1aPUL9K/tK9fka6S8p2NfmdvDYtfd7sR1POdvPWvZ+ytu72ea8+YkwukQBv5mfpUVSkGCZVzDY013Zcq3qUpUC0UpSlESlKURKUpREpSlESlKURKUpRFw6SCOtULW2vL8K0qpYiFkkwDrPTrXQdlBUFZmaCo3UxppqD6Tr8pr5etgAk6ga6aHx8tNaq2uM2yxQQwjRlZWDDwI576eFTHiNouEzgMRMHQ8+uh2NRd81zy0G/BctpBzMwuq/8UQEp3iwJAEAFyApIB2+0o1jUjrUJvu5UpbHZsqNmYnMO8CwK/0zA6xPOrN7AWCe0YbScxYxrPUxzaOmZoiTVW5jVRnCq7qkZ2kd0neAdWjnry9a+mqGfcbfOvivrMM+oMrAHO30i9hqfAc/T6+Ac5h27xnVlMKpWGJySNGUiFgjYHmZHP8ACdNbl0iCILqe6UVCNtdFB89auJcBJENEKQ5EKwInunyqJmgqkkM/aFdiDkAMes/I1Rq4zECqWtpyIt+zpfYSp6eEJbd0HW0cJ8gNei5v4ME912UhQo6QDOqiJ6VHe4ffUg27odQqjK4BJKnVs++YgtvpKpsM03bZKgBlOomSIGpiJ+9ziOtSFR4irjMU3KHOBaY8vFV3YWoLWcPnFZQxboB2qMh0BI1WcrsTPJRkmTtmUbzFrD4rModdVPUFSRtzgj1FWixHOagvXGBzKOkj7w8OU8tfDapBXpvH0unob/OtlXNHKdC31H5Ve/xLKPd1zBdZgBmCknyma+pfDMwHeykgnQRqRoOkhh/pPhNFuMnIWFsDeFOk8jl/yzpqB41EvGD2uQKuS5mhucRnE+IOcR61V799Ke8dJEnSJHC3vCkqU2OqBgtMAjgTa0/uPFU+P+22GwpyMHdjJGUDLlBgtmO4zBh3ZMivvEuJ48Xuws2sMXhGOa5cbJbe41tLjaLKkoSYkgRoa++0yWb1m7buqGyJcdRB0cgkNI2AO/8AUKyeLYI3clk4pnxLLbdVZVQFcovqiuu4VrSEZtidxJqzRrGowOnVcigxpc03gwpL3EeI3e7h7uH7RLSNdQI8q7olxUTOCGlWkbjuNrOlVV4pjsHdzYzE2rtuQrpldQqs7Kt0MliG/wAN+6D9oTFWrXB8U0q+KZQCyuEtpnIOHW5AdUdmIF9lAAMQSsaRncT4RinttexOKa7g5LXwLaq5Fm8qkaIGWe9cCxurSMxkyGV33bY0Xve0GTMpBziVjYg7ERy51v4W1kRV6AfHnXneDYZP5S2wBaVUFsAkxbUDLqdToBqa9TX2oZXzB04BPgPnNKUpUaupSlKIlKUoiUpSiJSlKIlKUoiUpSiJVHitnNbJABZe8s7TV6qfFUZrN0KYYo2XlrBjXzr4RK5cJBleKbG5w1xFgl7cllCtlBBytl0nUa9DHWO+Hv22cq2YkkS09xGMgEc8wA92Boug3NW3ih2Ds5Cxld80j3zLDTXU8hrrA1ArQ4HfN1ZQhUJljkguVhZA2C6D4GshlaHvLtJjrw5iRPsdQqRY7KxjP8gCfEmTeNJHVaeCwvZ6bgzqJHOdZJ6n9is6/wBsrXraW863mYq8gBM85w0+Z89DrWyJ2JB+XpXy9dVRJIAEnkNAJJk7DxrjvnXgTy/A1+X1Wxhg3DiGi3PlBnb4Y0WYMM47dSMyMlkKc4QsUtqOc5dQfegaRVf+xORbDqihTfMZ7anVF7MtBiSy8vCa02vOQSLbxodlBI8FZ1b0YKfCucPdF0FliDGvKCoZSNtCGU+vKoauJqUm5n0xwMOBiTMGJ1MxykK0zFknX32aG2vGmttVSXE3BJuNmmzbGjgntQSSIWRHU6DoTWlwjEuyBmUg8lOu351FiuHBhGYgjbp6irad1Y6CBVWtjDVhwEfq91zUId8hS4h0MmYj51U7WOf6VxePIetUb13Q1AK7zUDwADOo4yvndAtLTcKbitokG4ihmAAM5iCome6CAx1+BMTsc242RVdB2k6KwUtPvFlkgAaCJAJ0O2lamBvyNTEb/vpWbjLvZKVsl2Wfdz6opUTkJMjKuuXkDMACa9QS2vSLov8Ak/iPhOuDVpmmYO2h5fpRYuy13D3bcmLhIBHJXj/tBliPA1gYRce7W7JYIAtv+a6WkYoEItiVln7rtAOupmNa37eODWGK6ksoYNAPeuBDOWOWbaNZ0Gwu8Hwq3r7YhtVWMk9So1jwEL5zVfAvfJpxv6c/wlZwbkLDMgT14+ihwHsviLYUnHaAAKosrEBBbAIYwe4AskTAqt7QcDxRsNZtYm3FwOrq1tUGS4ZYd0GJ15aSYivWsTv128B+dVb2uvTbwJrZazioH1nf4/Pn9cU9l8MypbDmWS0qsR94AA/T516Ks7g3unzj4CtGonarQo/YDxSlKVypUpSlESlKURKUpREpSlESlKURKUpREqO97reR+lSV8NAi/L8Ngzde4lz3c0v0Mjb+khmnw+XouHAJsxMKgGu0F/pI+FY+NYM7W+9rAcIdTBKlSeQgqSd4mtzBWbarCIqhTEBQIgA6fEH1rzlTvJLidzbbaT4nqvmHaxpys23PC5AHQXPOVdDaaGRVF2zX1U7DM0eNvsSvzvBvO2h5VYv4gIsnmfHqFGwJMsVAAB1YVSv2xdJKko6nqV1WRoSO6wnmGUhhIYFSOiCKTnE5QQRm4Tva8bEgWm2isPcJA1v88eSqXbd1Ac7urEQzZgEYndlZlZLevuhshG0PudLBtbsoF0mQIE6ELlVVDamEQAA6nITG8V0x9y0YvCVO7QAQOpAJDr1IgjcoBJEaqbd6EIC2+zAUjZMS2XKpnTK1mRMwrZRAAjnM1wyPYBALvpy5Xho4xYi546gibnkAl2YOnrtPyL+EBXjxBNIMyJEQxI+9CySvjtuJkGohjg0c9iIhpn3cuWcwPhOx6VUGN7O6yWlVQbnf3m47PbDtI0EG8kTMmRpE1xC57xZZVGusfFBasEpHNWdrjHqQQdGIMHc0MslrmDLnmQ6RItEWuRBPUqQOdNiCZjofn9KV8VoTIgmJzJl6DvZss+G/KJqHENqFghtypBUx1IMQNzJjY11gcbea6Ax+1kZdMo7l0kKMsgA2ysknNrosiPuBsKSIRQpa+2UAAAWnREQKNAhI7Uj7wHjUxoUKTnFwIyNzWIdvljQQZBFrWX0VnuH0kGTGkfNP9L47dwkDQgict7KRH3xbK5f8wJWOddtdPY3BllrY7dP/AFCWZ1bTTvsLitEgy0EggmthOIXiVulmbMEOWUykXERwi6DKwzrDM0MVYaZli9w6wQcrqVJW7K/dVrzMig7GA5GmgMgEgTUuMD20HOyRkLXAh03DgMp0uAeY6jWGm5pd90zaPz0WdcsIq3WjS2jM0GCyK7BSuhBcizmk6e6OZI64fhjZ1XvtmuWwJOWVLICAToNJPXWueI3Ft22tHM4AVLzkBcyogPYoo3LK5JOoXtGYmYUycPxJa4q5ysM+ZoXvs2rFZnKAxImNj5xZaS5wLBDS4FthOUDW/F0ZSfa4pV2UmA5vuj1Ok+R29dd3D4YW0UTLc2I1JPvGep3qO83kYj1muMbimT7U8og/WYPLpUeGeWy821kdT+/nW62zdIWZILsu3z8re4OhFvXmTHkNPwq/UGEWEUeAqeoTqtpgytASlKV8XSUpSiJSlKIlKUoiUpSiJSlKIlKUoiUpSiL8yxDsmPvAbAkmTspB73jqAvqOmu7gMSXlgoCk7ltTA3AA6ab6xWbxvBf+IFokXCqH/SM+vgYA9a2rGEIJJOhg+o0/KsjtBuVmfYEg9bf1CqYFx797PH39p9VW4szAI4+ydiRE50YAkkAAhGWToCykwJNd2zbusWtvkfTOpGzQAO0tmGVogSCpIgGQBE918um/Qfiazr+BtkAQsj3RlRwvgouK2Qf0xWLSxQdBcS1zZAIAcC03yuaYm5N/Ai1tZ1F14Eg3jQ8JHwddlNj1UCL11WDSoRLb53kEFFBuPMqWBhc0EwRvVC1jWLlmBOZw5CjOe4ywiBZz5IBOWe81yJVZri5hkQNMajvBVRMw6N2aguPBpqe1ZCrnYMTmyoqaMzzlyo2mRQdMylSYLFgkCtGk+mQZMiC2Q0N+/ZjRJLiYJJ2EKN7HiBEbxMkwdzsBtBMneAVWs3CtzNcBUAh2nYTie0Mtscoa1JBIHZnWBVo4pbbtDK4VjOohxfzO1sk90OnZqQSQMrgGCQT1gsWHcoALbyQHts5IYCQLgdVzyMxghlOVtdKgw6gsSdxMCdF7xDKo5AOlwTzAUmTXWIdSGbM0/SwNLDAlpNjIJiDaRN48eKUmA1wOYk5tukb6GP8ASnRrduHAvGNQGtsmysqh7j5UgBzBME6SzHerexgW8ly2SqqtybbMIc3WVmgz/KgrMsQpLACJJXo2LYaQqggie7sTsIUSWPIAEnWAdalsMpOVQNTJgEaAldiAQQyspBAIKmvjWtrNNV4c4EZTJEEdA0Tc68bnZdODmnKMo8CfcgTGyF7aqYXFBfu9kVAEe6LzIAqxIBz6DRWUARXwhNuzcaUt3b1x7aIoAWxDOIA0By/zLjkQNG6TWjbwFqZ7NJ65VmT6V3c4JbDBt50YEJJURCs4XO691dGYiFEzAqwMN38MLnG41gyAZiwbuBcybecNSsaLS/KPA7+PsqqvbvwGZVuEblTkvKswwEhpEnYhkJIOhg18Vwi3aCt3JZ7VoEdpnGe4EUhy8EAvmKldddZ1E/tHaGQEBczOgIIVlbWJZWBViBqCRIiARWauFDHvbKyyAADlZFLgMZKSHYHJlMSOZFWG4OpTqd3Td9EzlLQbakAzpGkzHhKz34/DFuesz6tNo/sLW4PjzcW0XUo7orQdQ0qDKnyMwdd9NDVvsgO8JB1Oh8fzrhACICiNMo+7G0dP0qQb9Rp+/wAK2cpAuZWaxwdEL1S7Cuq5TYeQrqqq9ElKUoiUpSiJSlKIlKUoiUpSiJSlKIlKUoiUpSiLzPF8LN9W/wA0+REfgK7xN2BoD+A8T8av4xZZgdv0rz2J4juq8jqTXne3c0tbNjeOek+SmwFBuZzwLzf51X3+0AyAZPNvw/Ss25iYBAOvWurt6fdGUdNyT6VlXVZjA0FY1OiYWu0AKRseQZBmM7yetq290ekoK2eKhbd3CoSVs2w5YgxCqgtrmO4WbigkdYOhNYF3DGAsQWD2187tt7Q+bit/ibG5bt3bZPfXKCpgxcKXFAM/aa2iDqXFX6UZqDZiXVBO4JY0DxuI5qjijle4xP0jylyvWMKgbMGDEZiigAHUuQCSdcod1X3QA0a6EYq5lzSIcrt0eWuOh8Q94xyKlSCQdODhgINvKSDvlQFXgi3qqgqxfKpBOoLA6TWlxVVa+luAWZeewKk5WYcwEbEabMdDoak1IbUcSHtP1FuUtFO9xJlpi5mSVALGWjQzYyDNtY4HhZZuIF1iTYvIpVb4C3GICrcP8i+g2H8rQsNyXmTMT8NyqQLfetqCqGSxZALYSCdWzXDiIJ3HhFc3blp3ynD2rq6ITdHaOVa4LcyyFQCSCFzDTYDug9Y7L2jIGYbWgZJaSFQy27Be3w5WSYKnxnRYc1dwdmGYEiY+2Zv9RjLo0Q2AYIKifZgyxYgHrpw89bTdWxiNmLwrTlyhna5G7W1X7A+8Q0jUBRBPS40rlYuHtsMyvOhURmmSYIBzyDBUPoCvepwbt/FWwqRbFhMpkZly5wikEdmNW72uuT7msfFLZyiyMrXP59xgNVD4kXrapO5E3nMwJW05gRXGHxjnPpd24S43ZAs0tkGdZAiTMEmAucRRaabg4aCZnf8A3pxVrFzceeWir/q38jkzH1XpUVvVrjdbjf8AaAv/ANa0f7OFRJ94Sdz7zDvGBoeflWelorIJB77HQR7zEx869Bh6ZDs51Pz8geC8fjXWyhXrFzIgPUn0/LavuFxGdo6VFgtZB25Dz0NWMBZAu6DTevPF1YdpnMZ+r0It6EfLr1OEbSf2c0NEfSPMG/qD8svXDavtKVtqZKUpREpSlESlKURKUpREpSlESlKURKUpREpSlEXm/ajGhRkXQtv5CvI5jccBBOv7J8K9NxzBNcugCIiCen7mubfDltCBp1PU1kO7PfisU41JDRoeIjb1vt1su6vaTMLhwaYlxnoDfX8Df1UeGwoTXckan8B4VV4jgBc1BKkbEH61qo0iqnEbgRS0kRJOXXRVLNA5nKrR1MVaxHZjYml5H+1QwvajiQKlydx7R/X7WAbFwaZtdIJEwREMD4GD6Vr8KxaZTZuBQO8FVgIKc7cHQ5JyEdArbMKixthkQO8bgMtsOzKWIChZaLupCmQJkkZIirFrhxymWQMwEqUW4ug7octDORrqpQdAKxagwz6RD6oyzYgGQ4coEiDB02INoWqXPLgcvW+23G8+F1U/i6iCqJm72Qs1x4XMyZkyqxVWCkjYERyqtYxrLcDspJLBjp33UK6sAoJiM4ZUBYwtzUs1S4fDzmXKcxJmSWMglWUsdWAK6GBKlDAq/Y4YCIZZ6z+5q13ZfUc0MLgRlLpLiWkbGTAOsCeBmFEXgMDnPAP/AF0AI2O5624jZVRh7Y/nLct9nKNmLwMiXLbjTKdQLaqDmgwDpzhxl6yzG5adbkMtx8pk20RrVxySGiCbCiCJknWBFaB4Jbz59c3WEzf+6V7T1zTXWI4YkE98karme5chuUK7EGdo5gkc6v0+z6veCpUfoMsQBLed3XncQqD+0KYGVrN5138gqnEbAW6WEKXhs+Z10UZXBykA5QtpoM6dqRGU1awPDltEE95pMABjqRDEAlndoABZixgRIGlU7GEvOqqCGsqGylmAJlGQZXOYugzGGKqWAG4MtYxNhyCWtF1RCQhyMLrAdxAAxkTJOYCT2f3agwlenhKBFUtL2WsQSQLDnMWvpvF4mxVCpXqANcch1nQH5rzU9y7mM+Y8o3BHI1wMKW1kAdT+VUbCNaUA5iCbKBjbZBmyW7SyLhVtWG6qwA321vu2e0LiEgMgYL0BAMHx1q52j2m7D0gaUEzB4C0/lZmF7HFWu7v5y6jaevAeWuq+Jhcv2uQjnVnhYliecx89axbWMlhPX96VscIMuPM/U1g4KpUxOJdVd91iY8B7L0DqDcJTZQGlwJvz3Xr6UpXp1XSlKURKUpREpSlESlKURKUpREpSlESlKURKUrltjRFgYjVzt8elRXCSNdV6/qee9fSxmRvv+Z+EUCkb6ztrAE1Zc9rGy4gdTCwC11RxygnwnztxtEHZR9hl1mRyP4VV4hhu0Qr59dQVZWGmolWYSNtDyrRywCSZPPoaqtcHLlvVN2Pw5qClNzb54qf+DWYw1QIi8Te1+fvOxVbhuJPYszsWyknM2WcsB1JygCQCNQBtWXgQxuJcb3y4kyZkhQ6dMi9oVyxvazbmpgs4W4n3/wCX6slu39acObNctkfee7/uOIzek3bR9BXn6FBjGYyplsM7Ry1sOGo8gturVdmpNB1MnnAXRvlb9wgE9+6NBOpt4IKACQCSZA1A1kkAEjrEXVBIuOxZfeFpEuKmmYjNdRszAawoWRrkArnA4lTdE7m9cPqWxNpT/tSPUVTxFjK7B4km+ozMASLhxHuA6vmF2zqk+7BjKKvUXvPd4bMWgU2naTtAkHTe3pKiqU2Nc6rlzEujoJglaQuvbbKGzABWiDMOcqLlJ7rlsoEMFMPogE04ldu207QwwVkLKhzOozDvJKhLjAxoVHPcgVLfgX5P/Wt6+HY4jLPhmLepFYq4fLIzW0cZcxJgm6N7jpnAds/fUlTIKRmgAc4bEYmu2mwOAJa1xMXIcSLcIA1g3iwSpRw9Il+SbwIE+nM/tSW7EdmoaVIXK03INpiAhy54QJ7raH3kMiYWe9dZLdpVLqXBukZpYC46qlrM4aMpvWxsdLZr7ju6rA90nD4+4Z3VLjBwD0YEpp1Q9Kl4vpeUkgAhSJIUQhfMJMD7dto6KTspqJpZWfh6TwCC6psADkkAxpfUjQlSVTUpsqPYSTAgawY2VW9gXf8AxHY7ic2ZoIghSERVkEgtlLQSARJrR/tECNoEfD6VAuKBIHUAjRhuJGjAGCJIP+VpgiKktWi0xy6mtbE4HBVMPDiGtG4gRtwjlovOsxuPp4qIzPI+03traD7HkVTdJaT19T+nhW3wUc/EVQ/sjc9PM71o4BYKAaQZPiZAj61xSqYPC0+6w5B0mNSeJPsBYaCN7WGp43FV+/xIIABibRrYDbnudb7eqpSlWVrJSlKIlKUoiUpSiJSlKIlKUoiUpSiJSlKIlRYgwp8qlqtj2hD419Gq5cYaSvPx+p86iuuAYB0qZRJGx97f11qO5YDQx0HT5TUHamDfiqQYyJzDXhdZOAxDaDy9wMRt4H55qO1elo6ST9BUl9+YEtBHnppXdxFGqrsNSOm+p51UQksSPP051hNwz8HiadMmZLffZbb6za9B7m2gHrosdsbFtVCt/jC57pAYLcFy2qk6MzwiwNpYmArRZ4bZ7K7aQmYsm3PVitqPj2F0+hrWTCW1ftFtrmM5myidd+8Bz5/Oq3EuH5wCDB3U66wdNiCCORB5kahiDt1Ozm9xVpNN3lx8T+Ass42azHuFmiP384LN4jgwHZVMgd4k/ZW4164Q5BEKHUMrSCNdZVSORxC+EKrcPuuVIe28lVcrBCBWUsuXSdTEzXQzWiC0MpdGbc5ioYKGZjqZZXUaCbcAZm1uYrF2QTcNu9MhjK3LalliGYvlQHurqxHurzURSqA0mspV6RqEN+4Nm+w4jYSYmxIlXaLhWmrQqQJuLbamDpPFV+MEm+UX7QsA6xooxbSD9lgy2yDBghdDsfh4riFgA2WjLLOSrjPda0MqLmDmUJ0ZZ0jUwOcCrO5ut/mI3AJbKCQDByhVVRIEy7QM0VbOADsDqNzOggkQSGiUJECVIJqRnZrBg6YqwC0C5MQNxYix034wVU/5M/y3NpjM06AbnSbqlZwzXJuM0k6yR78SBmUGBbhnAQE6OxLEkR3YxV62uQgOogLnDMQBt3kVhcj7xCHwG9aq4MAAKVAAAEQAANANtKgupyNWe5wGJDaTSDl0AJBHSIPl4qk7FdoYYuqvbZ3G4/VlSwth2ftLhMmd4BJIAmATkAEhVk+8xJltNm5i1WRtWc13/mucTrr+VRdpYCu9tOnhgIEiJAjTj4rvs7tSi11WpiXXMbTxt0CmfEqwLMCQNp5ny51a4U5ZgwGmn4RWRcVmUKAYE76az4+da/D7qqFURp8+tY/Z1FoxBp1XAEW/9On2nj+V6GtX/wDi2pTBg36DnzXr6VypkV1XpVXSlKURKUpREpSlESlKURKUpREpSlESlKURKz+Jt7o8zWhWJxa5/MHgK7YJcq+Kfkpk9FQ0y68q7twCQRvqBuP+a4A1KnSdvPlUaPHmOZ+EVZKw2uykW+D9RwHFT2yfdOm5ri1AJGhHht5+Nc3yIBJ15yQPSvt27mWQNKr4qs6jRdUaJICtYZjalRrCbbbyOHCylDDWdugoIiB/wap2AWJnlyqa/wB0AgeHpXlmdrYsCSZA4gX9rfJW67s+gTEX5EqK/amfmKoW8FaU5ltWweoRQfiBWppA8fw3/D419ulCZgTXoK3aVCk1peLkAxab9YWAOyqtUnIQIMb35/NVQLVafGAKNo/fKubjaQwAPI6belVioBGcEcxIgH41mY7FtxmG7xkgscJHI7/Oav4DCOwWJ7t5kPFiOLdt9r81JaZj3h3V8alvWuYOkcz5beFQ3L7MCFUty8PHXaqWKxLQRzn4elY9Fz8OW12jjBOmkT6rYrMZiQ6ieUx1nXjb20lSkEzpt+9+dShyi5iBJ0AG/wAOVZuDxhLZTG01avYkNoNTrtrWjV7ZrV6bqRbEjaZ29/nPPo9h0sNWFXMTF7xHjbb5B0gbiozag+m9aOFdGBJ0O8HfXY/WsBAJ0Gs/E9BWhbwrIwuXCBrAA15E68vQVlU8O54LmiwEk7fOHFbVZ1NsA2J04n5xXueDvNpSd9RHSCdPhFX6wvZzESXSZ2YfT8q3a9Zhamek0/LWWY9uV0JSlKsLlKUpREpSlESlKURKUpREpSlESlKURK89xQyxPj+legJ0rz947g61LS1VLG3YGqlcuSAOn0rL9peMDDYW7iIDMi6L95iQqA+GYrNaLW/3086pcXwIvWim3etuP6rdxbiz6qKnPJY1P7wH6Wlfl/FMNYxN5rjcTt3BrrcKBpN1kCopIAWFB0gRDaAitX2csthXd8PjbV6wi3bl20rTKWoJIAJAYicr6SRtBMeq9suP4qziMlixhLtrIpHaA5ixktHeAj3eVYPFrR4jgTcHD0t4wEAMkWwMt9EKsJzEdm2aSCANQarmDYr0p05L34MiVJKkAqeoO2tcdqdo5/TWvmBYi2tte8LaovwEfhXMMNMokb6zINZn/DhuIFRrrAgx4zHDlfTmqbu0M1AtLbkETt1tN1Nd+0P3+9vhUYAQEzr+9BXN29lAJ3gT5xXOJwzMDlIiP3r+lO1cE+sW1KQk6H8flOzcSGF1N5ga+fTw8lImJVmgiQAT8Jri9xALvAHnXyxZKjqTueXkKzsVg4YE6ifj4HpVSthsThsO0sMal0QOAE7mOWiu0a1CtWIdyy/mOpVxMRmBIBA67A+VVsYi3coB12B35fSusQzOpRRBI3MgDzIr7gOH9mN5b6VTwXZ9Su8PI+mbnjyG9+SsV8Uyiw5TDhoB7ngo8Pwh0M5ky+Rn9+tWMKioSxYEnTTSB+/pX1sXlkNp86qW8UgnLAqbE1KGFqj+M2HCZnNbawnrfpGq4pCtiGE1jYxpHqQPl5Wh2qgzp/V19edV+IPmQwdt/TpVfD4oMnUGfrX3h6MGbmo0HqRAnnFTYLG18RV7moZDpBtEW2j8+KixWFp0Kedli0jxurXs5jMlxekqp/1Tr9DXvK8VhYXZRJM7Dc7nzr1mBvZkB8q1MPhXYdmVxlcfym13WEKzSlKmXaUpSiJSlKIlKUoiUpSiJSlKIlKUoigxRhD6bedYF9Hmfe+VbmLViAFE+oFUHwFw8h6kj6A1LTcAFSxNNzzYKgXA3Bmo7mFLa7D4VqDhlyP8RV8ln5nWoMRwJj/5mY+JPX15V3nHFQHDOi7Z9P37LBxdm2CIhmHPKpMa6SdSN9qqTtOw5TA+A0+VbF7gGI+yLf8AuP5VWPAsTOqT5Mn6V21zOKq1KNaMuUxwFwoBjlHuq3kAPxOtV8Xxx10Fq5/tJ+Y2rSHBsQDPZn0ZP/1Uh4VdPvWj9eU8jX36OS47utwI8CPwvMfxMk6oV85P4VPhse6mQ23LWts+zzsdLZHiSANRP70ofZy8NkHxU8v2K+h7dyov41bZpWanGJYwCDzAB+Mc6u2uMIdCDPh+VcH2fvE/4X/xHTx8a7s+zl+T/Lif8y/nQlnFSMbiQbNPkf6Q8SX7pqL+KKPsmrx9nL/Qf7v0qH+7t8nKU9cyx+dfMzOKkdTxH/U+SibH2mHeHr09aq3LVg652A6aGrd32TvfZX4MPxqlf9lMT9yfVfzioalDD1T9YBUrK2NpfaCPBcNcsgwrfAfrVvD4pQIUeZJ39KhX2axMf4PrmUfjT+6WKbll83/KuaOEw1F2Zgg9ZX2piMZVEPBPhH4V83liZHlW37P4oNoD+wZrBw3sK+73mHkf+a3sF7NpbEZmI5+O/Oale5hESu6FPEB4dlAHX/a3qVxbUAADYaD0ruqy1UpSlESlKURKUpREpSlESlKURKUpREpSlESlKURKUpREr4K+0oi+V9pSiL5X2lKIlfKUoi+18pSiJSlKIvtKUoiUpSiJSlKIlKUoiUpSiL//2Q=='),
(2, 'rau muốn', 'model adu vip', 4000, 8000, 0, 197, 1, 2, 'data:image/jpeg;base64,/9j/4AAQSkZJRgABAQAAAQABAAD/2wCEAAkGBxQTExYUFBQXFxYYGRkaGhkZGRsgHhsgIB4eICIeIR8fHiohGyEmHxsbJDMiJistMDAwHiA1OjUvOSovMC0BCgoKDw4PHBERHC8mISYvLy8xOTAvLy8vMS8vLy8vLy8vMi8vLy8xLy8vLy8vLy8vLy0vLy8vLy8tOS8vLy8vL//AABEIAM8A9AMBIgACEQEDEQH/xAAbAAADAAMBAQAAAAAAAAAAAAAEBQYCAwcAAf/EAEYQAAIBAQYDBQYEBQIFAwMFAAECAxEABAUSITFBUWEGEyJxgTJCkaGx0VJiwfAUIzNy4QeCFUOSovHC0uJjk7IWNERTc//EABoBAAMBAQEBAAAAAAAAAAAAAAECAwQABQb/xAAwEQACAQMCAwYHAAIDAAAAAAAAAQIDESESMQRBUSJhcYGhsRMykcHR4fBCUhQjcv/aAAwDAQACEQMRAD8A7hb4bfbYsaCtuOAbkaGQda2Amvbs2Qa2Pu0lZDyIsTFdlBLAamy2uKKkilrTJpbG8w10YWfW0XxAVNbBwVjrEysjRGqn/Nn9zv6Sx5qgcCDwPKylGV9LI8Uw9lLUPhb5Wzuo4croCHWL92QI23atPSy27OX8DEEIdTzptbLGbo8l3hYHxpqT/toTZHFeXyrTQAGvXmTbLVrPXpa5XOGX8fSnd6sG5aCnM7DTWwap3rnJqoNWPM8/nQCw1+vTAd0PbkoWA4DgKczpWzdAkEWStOMjcS1PZXytjrf9k1F7Lf8AAFkEM5WqqtedNyeVlF8gUNmkkAPIan/Fsb/fneiR/wAtSeHtEcyf0Fl2GOJbxFdxqurNXkPubNKg5c2ugspJ4Cf4uKvgMw65stfha67IXjPd+quRvXrv62Xz9l4H1FUP5T97Y9igyGaMklQQVJ48D+lq0KNWnVTbumCKaYixLFmWaQVVwHYb60BsdHi2dMoqoO+nysixuCNbw9GADMSCDUGpsVhmCu0oUMQFFXroAOtoxnV1tCqUr2KbDiraKdfp1s1RgBvRfr/iy5jHd4yeHXVnP1PRRZIcQmZi0vhB9mICsnrTRPXXpbc6iilqK3SKWcO2yhhwUtp9rBXm63hvEyUA91aE+mtlKPe2NVVVXgGrp611PpZjFNehu8foDYRqqeyf0/IL3Fd6lkXwi7uOpB+1l3/6glh8IUDzXW1JeMcvEYqVLDmgr8q1tru3a5H0fJXk60PztCVKTlmbXlb2Ece8lnv7O5Z9z0/fCzHDcQljISNQwJJoRt1J4CzjtAYJYl8KoxYFWQDYb66aEVHn5WWvfY0AQUXYAE6+Z5k/L5WxypfDq3UvycoO+4ffnkZBWY94zABUFF31p7xoK66cNLUcCrFFpU0GpY6n42RXeExkziKV6Ci5gBTyBNadaWGlxiS8EKQFUGpAt6VKSi7834j4Q3uimaUMdhr5C1Nd73rQkU2tHXSNmJYsVQb03Ntcl3llaoBVeGttMZyitgpl/wDxKfiFvWmThS0FGbYceNvWt8R9BrsrLD3w6U523O9LCX2Ta1XsFgZfKRZq0gAqTSyxxmtlAqsSkgB5VtJSs7MCM5sWQVoRafxPGlHtyDysTiuGxpIPDoRUDhUaH9LTWLwKrrQDU0JptbNxFaUUB3M1x1e/WNK1Y72obzIAoLbbG2eD4dd1WojHeAasRr8bY3pQWZDswGUcyNT8rK4yULyaucrgl5vH8ooDXPqOi2WzNHDEZG8lHM2KiWp5BePAAWRX+X+IbOP6KGiim/NvWv70srva/PkBswwirztI2tFzsfzaAD6m2++S96w5cPvYe7uFVkXdjVvLgLEA5Vrz0AtGlBJtvb782I3iwDOfbyKTQcLC9iLoyGe8yAjTIoOnHrtW2++Qu2XI+TWpp+6bW23y8qNEVmLaKvtMx6DifpZJ8QoyznoKt7s+4leZmNWammgVtKfqeuwsbFMbtCQatPKKKn4V5njU8v8ANtdEgAeQgy8iQQh+jMPgOttlxDyjvB4EO8hFWf8At5+mloLiJyk2x0gPAezUjP30oAI2DbCnEjh5Wdz31VqsdDU1JO7nmQNgOAskxrF3/opVI/eLGpPmf02sBcL6Scqtm0LVHsqo4nnasa3JJnKywhvj+NJCgkkbKRx3Ppy9LS96xadhmu+fXXxCg86bmyvCbsb/AHl5mq0SNpWprTYAcOZ+FqnGr3NHHSK7yux0FI3I+Q2FtbjZZ3A1cHj7YSRIP4mOj00ykVPpwsNL26krRYxrsCan5WUp2bkzd7fZRETrk9qU+S1oo/uIFnuH3alP4aBYv/qyUaQ9QSPD/tHrZJVntHL7hG2McJxOYHvLzljjKnKG0qeBpq7DqARaku0SSpnZSVI8KsAuYcyNWpyqVryprZVg3ZhXPeTsZSGqa7E9Tu30tQX+/Kg6jc8vLl58LUhGSj22UinbIlv0ZGgAoBQimige6AOPlttvslw8ql5URHLlqxJ1CmhqPnYDtBjzjwKaM588qjYAczYS74W7o2cZdB7WnHlvtXhbJOSumtr+wJSzZF5d+1kJfujIC21RtXkeFs7zCqyBkUeI1Pn+9bR+GYVGjB2IKKdgDqeHtAV9LVt3vIVa7trl6dbaoScshTb3A8Z7SxwuIK1IPi8zws7uOKRgoldX2tzm84WnfM0pJJNR1O9bPMIuIZUda1Dc+VmVWWrScm7lrLeKEinzt601PhUjMWzlamtNbes9pdPYe51E2VYipoQN66Wa2DvsfG2yWwzFF1vNSVOjCxDnZuKkW1zQA68RsbDXS894rjlUets07pWfkKH9oCMqHjm0+Gto/GFC5SzB6nYbjz87bu0uNvd4nmAzmJdAx0JJyn4VtNYT2niv0GbRJ46Z15jgy8x9NbYuJkqtNtYsc3ktcEvwY1CvSnQ/5ts71ZJ841WPY/mO/wABZH2avrK4UarrXoKE1tjDeT396hzEgZGAC7ZhrQ8ySoAPXrYRm5Qjd45nXMsRnMrGNPDHWpPF/wDG30sPfnCKFXhoBbdfZVgWgG1kYvJZq+tnq1dC1MRhd0iCKamp39bbZZC4oaUXiaADzO1p/GO0kcAqfETsOB+9o/EO0E95BJzd2CPCDQeXM2hFzqLCtHvEvYujiKyP3UFJHOmY1Ea9ebU30062PW8rGSkCO8reHNSryeX4F45QAOdlfZHA5O7zaIzCuooI4+bH8R5f5sxul+DzG7XM1Y/17yw1CjenADgFHHeutsvwryaW3v8AoZXWXub7lgihjJemV3XXu61ij/vPvt+Xbzsgxrti94mEF2rT3n2NB6eEclHSwHbPFmnBu1yzGKM+Ig6ysN2rxFfj8LFf6f8AZp49ZEYMzZnJpog68NSflbdTpwhG8mvAPcgjGLkzhLpd1zTSDNLIT7CV3Zj7IJ+NNNbNMMiu92QXVAbxIaFwFJr6cR/dp0s8xRosmXOsMJ9rJo0h8zrTqamyqO+RwplgWOCM6lq1dyeJbUknmSbQq1ovEXZd3MOnSxiJzCAZ3jhThEN/hGV+VkGMdtdMt3zqOLaA06E5mHnWw97kuhOeWV2Y8gbByvcqUSKVz/dT62kpLkn4/sWUnyZnc8biDllu4ao1Z2LPXmCdFPkLU+HQXa9BVSq5dSFYowrzpuDz+loi8TpHqIo1P4atI3wrQetrXsWGiu8k8i5Gc5UUhRoBvRRpqToddLXpX16rWQIPNiivUywIscYAoOZ061Op8zaOxK/ZzQmo3PlwHrufKlt2K4kANTWtST0/ydLI2vBVgxiDV3ZpAFB/t3qB9LHiK0mtK3Y05WQwmxJwAuwpTQAadaan1sRBjsqLlRso/KB8TVdbeud0imNe+qdyERj8zQWaRYDB+J+uYqPvbHToVnlb+IiUgSLtBO3vsfMLT6Us1W/RxjMzxM+5APHlXQWGfBLpxkWv5pK22JhFxHiLxeen622U6VeLy7+LHV0B4zI15RXKkBN0VQTryO5+FlvaGSaCOAQJIanMQqk6daDrahS+4ZHoJ0ryUj9BZnd54W/p98w5iJ6fEgVtpjTbd5Syda5MXHtLNkGeFq/2H7W9aqknCmlJf/ssfmrUt61tMv8AYNmEXHtnGXaKaN4ZF3BBI86gbdbLu0HbA5gt3IKrqxPHoLPMXvEFC1FL09qmtPO0+8yt4gimmu24sainbTq9MjO4wlxpGuj3iM7KTQ8DyNp7sHei/fGtdAT5mtbMb/lliyEUEm46WE7JYeLul5A/LQ897RnJvyBm4q7X3mtznJ2GUf8AeLTVxw6K7uHX+pINOg3+dqm/Ihu57z2M2dq8cpzAfIW5PesSlnvSslSS6hFHnoLYOFvWhJLvBNZOqYRfKfzAunEcj+os07OPmEsx9p5GJ/2ig+pFlPZxCkksTihUmo+Rs1a8JdruBRs8pLBeKhjnIOm4FBTysKa0JNvB3eJMdnZ5BAgrJJov3PQDU+VpvtPiRhlF1hIC5VzynUkHeg2FqhWJcSUIedhFHzVAM0jfAUrzItB9o5A8s0o99iF6KvhHxpX1ttjKM2rrC2JyeATELjA5BWSR2ru54fvhau7KdnQxDMAsUepzc+Z+3HQWlezmGveJREux1Y/hXiTap7b4n3N3WCDww+yWG7EcfLQ26tLU1FMMVzZl2h7RPeH/AIW61EddW4uTxr++QsYZIMNu5u7MTNIA02QeIg1AWuyjcfE8bLexcKXa7tfphoKiMHdm209aAda8rG9m7o16c3iQAGuYsR4VHOnHko6Wi1FXXIdLmfcIF4cgXe7xQJuXkOYqv4m2A8qVs0xTtBHGBEGZl4tQVkPOmwHTYdbDdpcdWNGjjByDVubU4sf0tGdjoZL9eWMjZYIh3kpGnhFaJXhWh9A1pQpuqm1iK9Tr2wipa6o4/iLxURk0Ra1aT8q12HM0sixztE8wooCRKfCiaAeZ3Y9bb8XvX8W5epCCqoNlSMcuppqfMcLL7h2dmvT5YlpGDpXQU589fK1acEsE27uyFf8AESNsKV/e5tUYV2aJj72S8osfEoQfTNz6AW+Yq1wuBKk/xU4rSPTu0/vI0JHLXyFpTEO1E87VdgFGgVRRVHJRsLaFTdtkLlcipeaCN1S7IczEKJHNXYk0FOCangK2qMTviqEiU1CgKPTj/uOtuedmGzSiZhomiVO7NpXyAJPwsffMVqHetdaL66fS09NpdWNBNZZji2IZ2ahAGwLGgAH7+dmvZXEVkrBM0b5tBTMa9KkDXkd/XeOWSuunqK/W2Dzh2CCWSv8A9Na066U2s7oqStz69A3yU/aS6yXQgRyTszEshqgUAcCdywqK6fWlp/v7y+rkjzJNfS3TsOupvV2VLzklI2lXXNpo9CPC3NduPE05r2owGaOYh6flKgKrLwIA26izwt8rtc5o+3LEhBU0jdtf6ihvgu2nrbVNipkNXq3QUUegAoPhZG0JXYVsXht2eRgtcoPGhNPhZ5UlbcDiOocddP6YWLqAC3xNt8eJ3uXxLJOQNc2dgB61Ci3sPwQEnIjyldTp+m31s7VbxeGWKRXjjXgVINOW2vS0dKWwtmzO5drMSCgLKWA0qY1Y/GmtvWrElhgAjzKlBt9+tvlntLqV0vqUl47JvMKPLkB3C7/E/axM2DLAi0OZRoS29nt8vqxirGllOJys6FzlCICTmNNbaamlXS3K2ExgYt3gAOlKG2V/vRW7tVVUk0FONlsOLd5F3zIVUHwCvtn7C2eMuQsSH2tC3mdTbyuJ4iMYSUenuc42JXttGxu6xpXVhWnKhr+ltvYHsot3X+LkSsm0K9Tpm+Hws5iBkmWID2gSSfdUbmze53/vJxHGB3cdBmP0HU/S2fgpqNBJOzbYGlcUXW59xeCZHBmk2Ua5eJZuZ00HrYzHLvmSEU8RVz6tkHzspw+6NNe5pFByrnjzH8RbKPOgJ+FqDHD7WXdUIXp+9PlZoq8bPyFWUyMvuIAG8TCmW7p/DxHhmb2m+PHkLRV5u7SlI4hmGw/Mefl+lj3DOiwcO9LvzJ2A68rUaRpdIy+8rD4dB+truqoR73sSS1ZFt6ZbhB3SGszjxsPoOQ+tmkeHiZY4SFbQVzCoAG7GvL60HG0jeo3klQvuXUtX4/S3SLnh79wMvheZczOdo4+Hq29NzUcqidWLjZvfcotxDf7m1+nSBB3d0u4FK7EjSvUDUD8RzedtvanH1gi7m7igUV/+Tcz04WIxS+rBD3UFcq0GZt2OwJ5nTQbADlbnOO35ivdKCzyMBzJ12HUmgt1KLrySfyr1CwWG/wA95AuyeLOxYnjTc1P4RStujf8ABRdbtHcIqmSdwZ22J28PQAClOQbnbZ2K7Ktc4jI0TSTEA5FWpLcB0ReZpU67CzvDuz15DvPJH/NbSpZRvwWp8IppU6nUngLa6lRt6YLALEniEQDlEKrGoo0hoFAHtHyB0Hlzsixntj/LN3uhZItnl2kl51PuL0GvltZvjvYDFLy5J7hUrpGs2gA2G2pHPnrZTL/pfiK/8gN/bJGR/wDlX4C1KdOMMt5BpsRbixNygV/akC9Bq3+LdPwzsJdbvGGvpBkpUh8yovQCgzU5n5WOiveEJXI12oPwpX6La+tOOGdYgGv4hVVUMAAaaU3GpqftZa0jzNorH4sfkLdZh7RYcD4PF/ZEf1At6Xt1dUOURyV5UUfU2inGP8xbI5OuBXuT/wDjzZP/APNtflahwjsleWGVYSgO5bT48Ta4i7bo/sxf9Tj9AbEDtGTsiD1J/QW6VSLwc0nzEl1glugKZt9a1GjDXTnrT42Z4ndxfrt4KCVdhyamq1/CeB6DkbTmI4uWckhSf933sbgX8TmEscDsh3ABysPXfoRWlsTn2rxuLdJ2FUHYmUEGShHEKwNndzu3cCkaFSd9Nfjv6Wob1dhOmZCyuOB0P9rA7H97G0q1+XMVObMCQQ1dDsaizTr22i2PZIPilkJrU142NF4mApv5itgIb0N8wHrX9bDXi/yH+mCetLPTqSa+X1HQyWIGpe7qzV1Pd729ZKGfjKa/3U+VvWreXcEvbjjMd4mlb+oIRXTVQeA6saHytGrJfcSkeJ5WhgTVlXTSuxO5Y626GILvcoWW7qo8OYAbux0B62lcNujRRmIEvNKxeQjmf0Gwstafw93d+7NmuKTcV4fdht3RZJo41GWKMAADkttWJXjPMelbMVuhu8bM2jMKAchxtOJLUs3O3h8XqjHS93l/YythRvuRSses0pCeS8vU2NuDiO8Q3dTXLmaQ82yEk+mgtOSBoJo5W4lmUdAKA+tn/ZaGgad/bkVmWv4Bx9SbWo7R7rCXeqwXcZQJCsY8EWZ2PN2r9z8LLLhipvF5ZEUsi1q49mg39a7c7emlWC75XYgsCWK7knenltW2rspKVie8FRHCAUiQcdRVuuoAr52pRqapOT5fQLeyJqe7dxeJGOipXX6eth7jK14n8VMigsx/CvLzP3sH2ixOS8T93GKktQAcW+ws2/4NJQXG7kGVxWV+AJ3JPBVH6Dc21U6d3qlz27iS9D7hGDG93kTVpApJPDwio+LagfHgbO+2vanIpRKDkB9T0GwHS2eK3yO5wJdoNQqgV4yMBTMeloW+3Z5BmY1LE6+X/m05yVSdv8V6/oZu2FuVFynu5CiUnw1LE7EnkOPmaWKkxi6wASw3ZSxNFkYDMST7vEa8qW5+khlehGWNTr1puST/AOLPLtC80iykUVKCJOA4ByOZ90b8bUktPd4ewE2U157T3uRu7RglFLPQaIOVQdWJIUDmelpySa+TOzSXhoYU9tzsv/y/L5Vs1v8AE7TR4fdzSVqSXiQe4B/7QaD8x623dqcNjLJFMcl1gHgu6N45DxeVh7C9a5jrtZoRWHL1z/dw1mxRFick6MLuTBdUrnvd48TsRvlru35VoBxK2Sz9vGhOW6tKwH/NmkYlvJFoFHT42Xdpu0DTsFNEhTSOFPCoA20Gw+u5svhweaandROVpuFOXrqdLbI0qdrySS/t/wCsdex0DAf9XGBC3qM0qP5kZNR1K8R01s/7R4Hcb6q3hHyd9RROnsEjZZF2DaUroTSh1FuaXLsXMT46KOOtT/21+drvscYLt/IqWjlYJIGH8sE6Amu7VyjgKcLRnOne1N5+p2rkxRiPZJbpGGerBVFWTifxU1oPl1tD329GWQ5RvoAOVuxTxXm7ytGkbSwaFVYE6Hgp3BG1PLnafxXsrd5ySgkuch3WSJshPGlKfIWNOpaT1LPoK1k56kyxalizclNAPNuPp8bMcLxu8M4VGNK+yFDHXYCoJJNrG5f6aXeM5r1eHkGlEhAQerN4iD0A87V2A3W53X/9vd44zr4zmd9fzHUeQNqznTWG8naUTOF9mbxEDPeLrJLIfYiAqAfxPlrWn4fjws0F7xdV8MUmY7ARx0HqRQWu4L5mFS+nkAP1tjNisK6vKqjmWH6WHwY73a87HaF1E2B9/eYiLxC0F5TQOVosg3G2mmxHqNKgS2OXDvXd0oJ08MiGnipoCDtWlNeIpa6PaKALmWYMDz/YIsFeortPLnXIJqEGjAFx0NQCRTY6/CyVaSeYPPuM1c5/hWCyTsWcMkS6FjuTyAI1sdNPc7sSM1WHu1LH1qco8tLUM93YqA4YKCaeJTx45SRrpxtDzdm3WQlxWpJzDY1+lkoyjs8PvBa2xrvXa2XMe6iOThv+mlvW9eoCGKqNF09f2betp1ITUdGxzwzM5JNFCqvlyFkDYZeu+ivEcw8QUhFGorwJOhtvxR5pJgyg5WDio3JOgoPjajwy6PGoeTQhQFXlp9reHKrOU7x679F+T16cFCGufkgDtHe2llSGtSSqmnzsF2iKLLkjGigL5n9mljruqq8l5b3PClfxcT6WC7ru075wTI5rGvHXY+Z4C05rW3fdu7fRGBvAHc7gbxeaSGscCDvDwHJB5nT42p0rkklYZe8osY5Iv6E/S2q43NbuqQaGSQ53H4nPD+1QPgOtvY5eatRdcooBzPAeptedoQst9vMEVzZN367meZYa0UDNIw4Dj67AdbbcXvIk/kociqhyKOAAoP352IkjEKFB4pG1kI4n8I6D72x7OYRqb3OQihTSugC13J49PjyqnDx1SUFstxXuKOyeAm5wfxMyZrxJ4Yo9yCdl/uO55DyNnIjFyiZa57zLrM41NTrkXoPmfSzC9YgqEXhhQ0IhU7op3kI4M/DiFpsSRbmXaDHDJKUE3c7kuQx35UFttWTqT+HDzfRAtY23yGXvTLMVWoISPMCw6kDQfGuthZ734aVHT1sueePwxwM8rmuZ2FB8N/idbM8NwgysVBFQKu52Qfc0NB+lbdOkk0n/ACFyFYXco3BGojQVaStAOOtRvufnal7Px94qzQgFPEIENRmkGhlckeynPn1W0/dbk2ITLdbvmS6R+KRxu9NzXYk8BxJrSgt0TEkigjEYdYRlCgKMzBRsijgBzO51PQVKbjHVzGiiS/hmSQ3a6sXmkOaebYseZ/Cg91OA6mttXaO53SJVhlvgXi4ShdzzLE0HwNLa8R7VtCTDdbqctaSSuyM7eepGnIkjoLKpcIe9S98YjM9MuoGUf7RRePHSzxVmtTy+mfLuObQVdMRw+E/yFQkf8zLnb/rk49FAsVPjMLDMbwVr/wD2xFvgucL/ANpsuvGATDU3Z9Pw5WY/A6eQFmWFYebunfyRfzyKxxErVPzOTsenDffQJUil2nfzBuFzdmZp0Ge9NQr4R3eXKTsShNFHSgPlYK5dj4rrJ3k14kZxWoqsaNoRQ6szf+LOuyV5chu/kVpXdmKg1AFAABprtb729uUMiZpRXI7tTNSrCoAr1rT520RxG9/G2Q2HeDYtHeIRndFcP3dQ9QSBVRU0qxXXrragurVWj5dN9RQ/G3GcJaF4LzAkceqJKVBZxVHC6k6V8f7pYjD+1TRI0V4UgrTKw4jkQTw0oetOFmVRx2R2pHUb7hsEg8UeUcCpZT6FSLDnD4UXKhBIAFXFT6tStTxOto7DO2YZSQ7KoIFGGmu2mopw/wDNn9yxlJBUFG6qaH5afK05V437UbPwDg+z3CXhTzH24WVX7AJ5kIzkEjwyLSo+PtDofQiz/wDiwdiR5/v9LYGcjxAiu3W0514LMkHSciveC4mspiKyuynf3COBqaLQ9f0tSXO6yiiyhM/FkOlelTr52q8UvPexmN2ZQfeRirDyZTW2jCsCRVBDyMBxdgx+lfjZVxtOb0x9gaT7h75lkVtwp8Q32OvUjnbZDKCCCa0GppSxE6gUp5MdjT511p87DRldVrmB0s+ui1plJfc7IDLhoc5hnodsm1Pvb1qu4iNUAy29af8Axn/uwWQDeLv3N6h/mVUDKFA94ilfSzC9ylEpXM9SB1ZjbY8QM8WSLwmtZP7RX5mgsvxMSSTIqGh8TFj7g2r58utoKDpxaS54sbuIq6rW6H14QxEe8UPtn8b7lfjvyFsLpA0k5nlWkcYDJXZmPs06AfpbHEfcu0NQW06gH2mPUipNjsYlqyXePoD++gFuelJy6PHe+nkZNwe6PVpLy29Cif8AqP0HxsN3uRc5PiNSOnCvnvTzPK27EAXyxwgZQQoFdxrU/Uk9bTnaK/8AdLlXxMSFFPeboOXTgBbJNzbSj4J973YW7IJwyE3m8CMf011kI5fh/wB23lW2nt3iRknF2U0hiKlwPeelQp/Kooacz0s7ucbYdcs2UG8SEZydgxrQdQo4efO3Pb7PkDMxqTViTuSTUk9STbeoqhBU4/M9yLdtwjEMQe8TLECampJ5BRX/AB5kWXY3gJOtDm5D6WP/ANPLv3rzTtsKIDyAGZvlk+NuhYRgqSASzAEb5eBP5vyjanE26NKanphut/djJXV2QfZjsbKyfywEDe1Mw0HRRu56DTmRammgudyRLssZvM0h/ptqZWPvPQUp56ADQGlmWNdqUDiCCrOdBlANOgGwp10HG0/iWIQ3RHYU7xq95JWrMTuoY6nqdBwAA3vOpGGPmk/VhwOsb7Qrd4ggKAgeIRiiKeIUchzP+Lc0xTF0mOZS5XYEimY9BysBfr+07Vb2eCfq32sXc7g760y/nYbeQtNq3aqPPou4Vu5rlvUaqMxZRypr8K2o8Ixu7rGFEkgHEd1Qn/u2tLYiYYdyWbruftYns7hhlH8TeBku6mqJxlI/9AO/Pa1YxWnVsuv4Crl+uKRxwierUI8CstCetKnTlz32tMyXwSfzXALNqS1CBroFFLKMVx3v5DQF6aADRVHnt8LC3m8FRqQKWi6cm8hbLDAb8ZLxFGK5S6j0r02rZti19z1Kmhqxr5t9rRnYvE1a8RUIqCemyk7cdaa2KjvxIIqK0alRUceFmgvh3js2DVgf3WT+VeWdwaQPryJK0262XXdYZUR5VRqqKlt/XXhYPDFrdcQcRIj5IgWWvjBckn4A18xaduuDF17xXXM+uQihqNNG2NQLNKj2VeTT/u8DZR4nhdwYMC4iZgASkmtKhvZYsBqo2AtviF2hVURjK1BqzbciSoFSbS94wiZQGeNgKb+R33/dLMcHwYzUD58o23VD8NX+NLFxelJybBrbxYcRzMrgsfA1KaaKRtpyO1OfnayuDJOBpQ8aE78unlaTv91WMAFgQdKbGvTWv62+3S+FSDG1ZFHiHEjnTiDzG3S3KMW8oKbRWYng+VlcKSOK1NCLaMWkN2COgMkT6A1FVP4T6bHoeVmeD48JRlkXxAbcf82NvlyikieP3W3pwPAjkQbVlw8JRelJD2JRcXD6kEeZBtiL2uYAAE/Kxc/Y8UpFOQeTD9RSnwNpuC5zo0kbJH3wZRH3bh1Ya1YnQinIgEeotjXCyjmy+p2eZU/xp5L8P829ZFFcsUpql2r5P/77etXRPr7/AIOuV3ZaaaVGlkUqKZY1OlfzU4VNt+IzpCjMaa7n8RHDyFsrti6lTmqDqfMchytKY5iXfCQ7mqJEo4sx4en1tmnWi4pQd2y1WeqTdrBfZa+F2mvLDRfCpPFjw9BqfMWOwx6iSduZUfVv0Flt/wD5McV1ioWFAae9I2/pX5CzK/IIkSBToo1PM7sx8zU2jLs55Lbvb/BJdDT/ABGSNn956qvRfePqdPQ2WdmsLM96Ez6pEKqOZJoD8Rp/aeds724dqeygH/Si7/L5m1LgiiG7mVxlzDvGH4RTwr6LTTmTanA09UtXJfzA8sSf6g38VVK6ICT5n/H1tyLtJe2NAOOvnyFnnaPFmnlpXVySenP4bDrS1B2R7GiRv4i8DwLqqHbpXp9duZtspJupray9vDkT+ZhvYTDO5w1c60eVtf8Ac3z8CgW23zGpzC8SA5szGo91CdyfdHCu54WZ9sr+SsSRU2z18wAAKdK+gpaSkvJRSCxPEjr+ptCvWaqOz+hR9D4L6l2hJp42Hib3m5KPwr048eVpacy3iTM+re6nBR162aC6vO9eXE7L9zYuZ4oF0OvE8TZIz0bZk/QUGumGJEM0hBPyH3sNiV6vEsbNd4y6KcpK0LVoDota7EbC25sHvN6TvGK3e70r3sxyinNV9pvPQdbPcHud2uUDAPNNmOYuVCitAPCu9PMm19Gla6lm+gVEjOzfZvMDer5VYhXKjVDSEfMLXjudhbbj19lvTa+CFdFQaaD6DparvuJXWUBZMwJ2zlRr6f5tOdocFlp/JfTivH0bb6WqqznJOWOnRHPAhe+JCKLqeQ/elgG7ydtvTgPvbZDcCGKkEEHxFht9zZ/hwLkQ3dSCfakI1UcwOdtfZjtv1AZ9kLgy3hcorkJztyqpFPPUacBZhHdyrA8K/sWdXySO4XVqaGmUcasePU7my+S8qwDrqJAGUc660p0NRbBxLk5KXLYWcR9gzK2HXxlowZWWg5hN/wDuHwtLXDDXaFClWqoOXjrrX52qOx9zF3ut4gdGBmdsq8cpVRUj3Tpx1tmojgjWOoVQAoFasxHD8xpw2FjWnFRUY5GUQXDR3cZ7+TLqAu2508R2+HDc2F7R4NNlzwE+EGsa6VGtSlNzr7PHhyOvHro04DKdgaJwI6dbE9m8YVYgk0gAU5VJOqmtMpG41PHaxpSbSvkNjmkSRlwzBtDXRqa2vP41Zbr3sFBNF7RO4HE768D6G2vtj2Qzl5odH9p04NzZevEjjvvvPYC7QEkSLruCagjkRbXJxkr3OLbsr2ijn8D0SZdyBQPzIH1G/nva3gkqK115g24il0gVswlZaHMMo1XlQ87W3YvtYksnc+MsFJzuoGam4OXQGmteh9V/87FHCS3RX3gs1QQSp4g0PxG/lbk9/QxylY5GOV6JkJB30JodTbq4vQJ5VOvWyG89jO7cy3c94utFPtJXzoGpz0NppXd1knJXMLl2sliRUkozgeIgDe3rMrr/AKdyyKHkkVGPu0JoOpGlfK3rafgs7tGmLFfYRthoa8QdCPX97WUXGYLenZtoC+Xq5NA3oP0sJirSLOqMKM0i6DzH6EW240CsjogrJNJRfpbw6VNx8eQW/Qfdl17yWS8ufBFVVJ4uRq3+1TTzY2aS3QTNVXoeRFluNAXeCG7R601Y8yNyfNjX0sJhuNPHqwqNqfvh97Ul8PEJbL3OiHf8LdpFiI0kkAcjUd2viYdM1Mvrb5/qVjvdot1Spkk1YKKmnBQBuT9BZzgOJLKWca5RqR1/8fOwGMPEglnjRXllYqXY6ADTKDxUUoVGhINSTW22EYU6Vk8HM5xgF27qbvJsuYkVFahFGuWuoJPEitrpJnvyqGBhudSQgNHvHMk+7HTTqLJsJwMSVvF5/pVqq7GU/on18t2+IX890WrRpPCgHuoDrTlrp6dbZqvEuOFu/YERfjOJ53bLpzPIchZbh+GNeSd0iX2nO/p1Px8rb8Pw0ztlByxrqzcB9/KzS/XquW7wLxoorueLMfmTwtmj2c7ye35GtzYrxJqZYbuuuyqNz1J+ZY6WWy3qO6OAFF6vjGijeOM9AdCR+I/LexuK3zugYLv45X0eQDVz+FeSj/J120YZ2XkiBc0Mzb67flH687aaemnG739/0C12bkTxd9fJe+m3Cn+nGfyrsT+Y62ne0naUyHImp+Qs3xDs/eHPu/8AWAbLj2evcQPd3cH+xkJPUktm+VqU2pO8mm+l7ILTJuLC5JDmkPq5oPhv8rXWAyq8AjDh2jAUkCmmuX4Ci1/Labkw2ZTWdJK8irAfMVNmHZm53ozoywyLCaqxZcoykEV8VK0NDpXa2mb+IrN49AWYditwEiE1II0qOFdvhS3sCu4u8dPalY+I8zyA39LU/wDw1PEHJ8VNF306n7WYXeBYhQKsfzb4+19BbFCpKMbPY5RZGYx2dvN7ZQ9Io1/GfESeOUaig0oacbU2D4MsEaxx+6KZyPFrqQOQ6CzRCvD4n7cLexO5yvFmgYFuI4nyNdLO5TqRstkPZI1RRA5gpFQNefHc8NtrcnxFZrw5nkYUA8IrooHuqPMW6J2SVw8yEENQGh6E8duI87RN/uhikeNqMQzChHAmunIkGunO1KVoxuhG22b8Cx/LRJKtWgBAJ+NPrZvjNxWdarRXp7dBU9Dpr52i5sQlg/pqgWvtEVPrXQfCz+638xwrLJIWkNSykAU5UoLLVotduD/ZajRc72DuzOJzRDuLyaqDRH4r0Omq8uXltq7Q9l0DGWIZeJVT4T5cq9NDY3CxFe1zIdRuOKnqPjrZpDGyDIaulKFaAkVO4JPsgVqD6cahVp6s4Jxi72IrDLmuXvGAyA7mup6cz5W6L2VwaJwMsIVia6CmUdebWxu+BLeMjIoIU1Wug5VHTl6G1zht2WJAqgDnTXXzoK21UaTnLbHV/Y1znDTs794tv3ZcMc0blT+FtR8dx87LjhV4hFdwOIIP04edrENbIPba+Gi8rBlsQX/E7x7pWnkfvb1rGXCYXOYoKnqR8gaW9bP/AMap/sdY5RdnSW8CQtmLOXHT/wAAfKx3ZaDvp5b2/sRkpH1bi3oLTuFwjOXhDnN/LTNSpY6V0GwBOtrq8lLpd0jQeyAqD8THj1JY6daW8yMdLbfL3YgrxBi8hJ3rSnLp8bKpDVjyG3lYu+S0LGu5IHlXf9LYdl6SXxE3WNTJIaaCmi15EtqP7TbDSpSqTObzYqLphohurI5K95rIQaEA+4pGzECleFSeAsplgExqQFgjAAUCi0GgUDkBpZniV5N4kCA0UaseXP1Nk+MXppWW73cDkK6AfmPIAVPpbROetqMflWF3vr4HMEmvTXmXuw2WOMAyMP8AlpwVfzvSg5CrcKH46G8S5VARFAFfdjQaADrTQC3njRALvCaqCWdzvI59p2+gHAADhbC+35Yo8i6D5seZ5m05yV9Kz9318Am/GcVjhjyR6IvDix5nmbacHuErR5y2Rpfac6lU4Ig3Y8TsOZFLD4VgTTuHlGamuQ+yORkPL8g1PGg3P7Q3tF8Kku+xc7eSqNFFqJaF1k/6wN8s3HubqCYgM9KGRqM/x9lfJR6m0HjvaOaQsElcAe0wYj4UO9tmL34laM2VeIHtN9hZDFC05qBliX59Bz87a+Hpf5z/AEg36BkF+vLZUjnlHvM5kfQcOPyszXtFPDT+azngGoxY+osuvN9Cfy4wMx4cupNgxGa0FXkbT/A5C2hxUt1gKHy/6g3iPRkic8qMD8VanytUYD2innXO93SOLjI0pC+gKVY+WnW07gvZxU8bqJZfwn+mn9x949Bp0NnN5i1zzTZqbCgCL5A6fG2WvUpLsxWf7oMrjW8Y1UExEUo1D5V+1gMHxV5GcvQhI3alOQAHzNlSYzHMWRDUqta00I2I+fzt7AXKSSLvWN1+akH4LbLGna+pfUnJvUF3LGpkWhYE82FfnvaiwLtAtcr1DUJ8I0PoTX0142mpYNTaRxPtAYpssYBCMMxNdTxAoRSm3mLaOG11HaPI6KbZ1TBb8GvLECikMPI1B1+Bsi7X4QZbzMyMAxysqtoGGUDQ8DVTvz4WE7M4ijkSRsNG1HEV4EetqTHIlakrMFFKZjtXQip4CldbXjqSae4zWTmF4DglHUhuII3+/wCttlxwSS8EgHbck7edbH3+/G8Hu4RVVPtke0eS8VHXc+W+9EMSgs2pFCErQ8xXj6etLVcnaywy8KTxKWIhWCYfDdXzJIWYaM/u04jqPta0TvJQvdKKmh6Ec610Fpvs5ghvNJGcCNToi8PMc/8AG+9ugXKFYxRdtPpT9PnaVOhKpO93bm/sjRxEaemOn+8RldRlUCgGgqBz/WxAksAJbZq1vZSsrIyPIcJLbFewsYsSgswpurb1vUt63HHN+zWE5aSNplFF5A08R/2jTzrbffqSSxS+5GskgH5gAEr5ElvMC3u0mIrd7vQbZaDmQOPqbC5ZHhjhRayOkZbkKLVieQqfkLfMVZuNlH+dvsK7JCef+bIEVgK0qxrRRzIGvpZ0b3Fd4jDADStXc+1I2niY/QbAAAW0phwhGpzNxpxPIW2T3XuI2klIDNqV4Cn1pz52hDUotRwufUVR5gbX9ljIGnFj9+m3ythDI0aUUHvph6qm9Oldz6Dhb1zjEr3eNhTvS0zA792lcin+4gn4WMl8JY0PeOdajUDgort161szjojndh3A1jWMZa68W5np0tlgmBvOe9k8CjYnh5Di3XYdTYmK6CqltqivXmP89bGYnjGVdSFUcOFu0qnvuzkr+B7EpgkeSM5EHxP3J4k25vjeI5yQpovFvt97GY1izy1JqsfAcT9h0sHcsHzjvJhRPdTi3n06cbaqNNJ65nN3F2GYT3vjeqwj4v8AZett+LYhr3UIApoANlH3sw7Ud9EyRUCs65qAjwDahHA/vcGmzs12ReYZie7jrrIRqx4hAfaPXYfK2pSb7UvJfkZIn8PuTs/dxKzyHen1J4DqbWOFdnFg8czZ5Pwg6D13P087OnMF1jKQgIvvNuWPNm3Y/sWhcY7TNKxjhr1b97WzyqTrScae3NjqNtx5jPaCOHStW4Kv70tMXq9Sz+KQ5E/DbRHdlj8TnM5/elgsTvDN4fkOFr0OGhF9nfr+BlG5uixcRSKYx4QfF1HED0tWpIA6yLRl0I5EU0Pw+YNudFOdrbsLeEljN3Y0dTVOqk1IHUNU/wC7panFUVo1R3QKtPF0McVx0RAOYnKniKUryJr+ludStmJY7kknzNuwYh2eWWFoq6MNDTUEag/HhbnUXZadpTEiVKmjOdFHWvI787LwU6cYu+GdS6JZFuHPIjZo2KtzB+vMdDbp16lS8XNElJBcKeRBGulevyshw7B0ibJGO/lHtGlIkPU8fLc8uIrMFwgs2diXbjJwHRB+vrrvZa/ERun9OrNkOCbV5uwHg3Z9mAVR3cQ9rmeleJ5gaDUVPB3eezMJXUnN7p009OVmkkyoKACvAcvtbQrkmps1Gi6mZYQ9aatpNeDYTHd9VqWIoTX9NrOkNbBxCx0K29KMVFWRiaSN8S2MjW2iO29DZ0IwlLblNhkNtq2Ipvrb1sbesQHIsSge+yCOtasP36DhY1e06XecxvRVkoCSDoBpQ8aH9LGdj1yRzXg+5VF/ubc+i0+Jtz/GW728sW4UA+H+bfMU6e2p9X9iji28HT8HUSyGdv6Sax/m/P67D42SX9jfL0sX/KBzP1Vfd8q0HmellnZ/GzHG13apqfBT3efQjkOH0o+zSKFlI/qVyGugAGu+u5p8LdlNRisK7FlHqDyXgRSzzn22/lJ+SNaCg6tSpsnivrySV1I4D9a2a3mswAKrlWoBFRXrSup468bLMUxBbqAqirtoo5+Z4AWS7ck1lkbOXcgzEcQES5nOvAD6D72mb0JJh3kpyjdUHDz5mxFxuzSnvZTXpw9BwFm8MC1zNuDRV4CmtbHZ9X1G3El3uajxyjLQVRSNCevLpW2EuPBHDDxSjVVGy9T1/Y52D7U4kWOUc6WpOyfZZLvGLxeBmY+JU3HQtwJ6bC2uMVo1y2GNXZ/AO8LXi9kgb0IIMldfRdrG4xjgApsoFANAAB8gOlgu02PszU4024KP1tz+83lp2oCaV3PH98rJGm63dEslbcbYhfo52ymRm6IPCPU/pbTFHFH4URiTvrt1J4WHvEq3dKKKudq7edgrtO8h1bQbgaD/ADbXCl2cfL/dAvG+4dPeIBV2RqjSubfysvke7PxlX4G2vFZNQg2G/nYWGHMbXp00o3u/qUWFkL/hLudpmHmhtkbjCNTKSOi0+tvt1u5ZhHGMztoBoPrQWqrj2ZS7lZr24YhhSNQSM3AM1NdeAFOtlnU0/wCTu9li79CkKTlnkGdnMIZ1VneUJuqM7VbrSvhH70s/vYQARk5U4Rx+0/qNQPLU8xbZdLvPeBUUij9C9PmB/wB3Qizy53KKBSVFW4ualj6nU28mWqU7t+X7NkHCn8qyL7hg3hHeKIohtGu58/t8a2Lvd/C+BABTYDYfc2X33F2kYhdBz4+nK2N3htv4fhM6pkatdvBviUk1O9j4Ira7vFZjDHb00jG2fYo7GRLb0cdiESzIm2eVbb0W3xEsQiWYQ+Ktt6i3lW2wCxAfKW9bOlvliA//2Q=='),
(3, 'Bánh Mỳ Sữa Bò', 'Ngon Tuyệt cú mèo', 100, 2000, 10, 194, 4, 3, 'https://i.ytimg.com/vi/4yCq2VJlbcY/maxresdefault.jpg'),
(5, 'Nước tăng lực Red Bull 25', 'Giá sản phẩm trên Tiki đã bao gồm thuế theo luật hiện hành. Bên cạnh đó, tuỳ vào loại sản phẩm, hình thức và địa chỉ giao hàng mà có thể phát sinh thêm chi phí khác như phí vận chuyển, phụ phí hàng cồng kềnh, thuế nhập khẩu (đối với đơn hàng giao từ nước ngoài có giá trị trên 1 triệu đồng).....', 9000, 12000, 2, 408, 6, 4, 'https://salt.tikicdn.com/cache/400x400/ts/product/83/61/b4/d8e4d8a09666232039ea739745d15de6.png.webp'),
(6, 'Mì Omachi xốt spaghetti b', 'Giá sản phẩm trên Tiki đã bao gồm thuế theo luật hiện hành. Bên cạnh đó, tuỳ vào loại sản phẩm, hình thức và địa chỉ giao hàng mà có thể phát sinh thêm chi phí khác như phí vận chuyển, phụ phí hàng cồng kềnh, thuế nhập khẩu', 6000, 10000, 10, 14, 3, 2, 'https://salt.tikicdn.com/cache/400x400/ts/product/33/01/eb/f065db849e80c22fc01b21ca2e8a50e0.png.webp'),
(7, 'Heo 2 lát Vissan 150g', 'Giá sản phẩm trên Tiki đã bao gồm thuế theo luật hiện hành. Bên cạnh đó, tuỳ vào loại sản phẩm, hình thức và địa chỉ giao hàng mà có thể phát sinh thêm chi phí khác như phí vận chuyển, ', 20000, 28000, 10, 177, 3, 4, 'https://salt.tikicdn.com/cache/400x400/ts/product/15/47/e5/40be083c67528f7b4ad033190520eb56.png.webp'),
(8, 'Các loại rau củ quả Đà Lạ', 'Rau sạch Đà Lạt là một trong top những loại rau được mọi nhà tin chọn nhiều nhất khi đi chợ đúng không nào. Nhưng mua rau Đà Lạt ở đâu tốt, giá rẻ, chất lượng thì ít có một vị khách nào biết cả.\r\nCác bạn đang đi tìm mua những sản phẩm rau củ quả Đà Lạt, nông sản Đà Lạt, hay là bảng giá rau củ Đà Lạt các bạn hãy liên hệ với Nhất Tín Food, chúng tôi để có được những loại nông sản rau củ quả Đà Lạt chính gốc và chất lượng. ', 20000, 30000, NULL, 47, 1, 2, 'data:image/jpeg;base64,/9j/4AAQSkZJRgABAQAAAQABAAD/2wCEAAkGBxQUExYUFBQXFhYYGhkYGhkYGBgYGBkYGBgZFxYWFxYZHioiGxsoHhgaIzQjJystMTAwGSI4OzYvOiovMC8BCwsLDw4PHBERHC8nIicvLzQyLy8vMS8vLy8vLy8vMS8vLy84Ly84Ly8vLy8vLy8vLy8vLy8vLy8tLy8vMS8vL//AABEIALcBEwMBIgACEQEDEQH/xAAbAAACAgMBAAAAAAAAAAAAAAAEBQMGAAECB//EAEIQAAIBAgQEBAQCBwYGAgMAAAECEQADBBIhMQUiQVEGE2FxMoGRoSNCFGKxwdHh8AcVUnKCoiQzU3OS8bLCQ2OD/8QAGgEAAgMBAQAAAAAAAAAAAAAAAgMBBAUABv/EADARAAICAQMDAwMCBgMBAAAAAAECABEDEiExBBNBBSJRYXGBobFCkcHR4fAUIzIV/9oADAMBAAIRAxEAPwDx4LrNMLN0VClqa4yGYpLbiPxko0Pa9NLnPNRiWoFQBeahWgIWQktZjXAjl1qC8daJw40qG6mtJ1bxy4/bZhGDYda3iCDXFmKmxCiNKWze6PTH7TFJsEtpRNxSog1JhV5qOxdsFaNnNgRHb2JiMBjXNyRTBKGvJrTlMqsINNc3bdEG3XVxdKMGBF5uV1k61mSTU5tmiMGpD6U+4TZhZNLMPhTNNbtyFiquc6vaJd6SkJYwu4wNSYTBg70BwwljT2coqlkJQ6RNBG7nuaQYjhwI0oaxhGRvSmmFeTTWxZU70K5WAoyXxLysrnEELCldu2RIqxcWw8TFV4XCDrTMblliXRVMgW2TTfhyEDWl1i+M1OsNeEV2UkDcTk0ngzpxpQrLNFM+lAPd10pKXGkiqMguYbtUNzAaTTS2DQ+LbSKauRrqdpTTZETWkytR+KWVmhrluiivJqau2dpQIFkiB2LM6VvEYYrXVl9aj4ndIpimJYVvBWY1lQ+bWUyLhllNKFvDmoi1JFaxFkxNKB3lhwQLnVo6UPdGtdYV9YNSX15qkCjFlgZNYuaVIGrLVnSubaGaUaMtAkASZLVaubUUlgxXL4c0sEXDJIG0GsIRrRhedDRVm3A2rSWQTUFgYJBAgV6wBrQt+1NNcXb7UvemI0rZBvBwKy5YmunNSW3pt+YqoCLWWiLQBqS+opc1/LRC2gnaHrdG1cXpYwKO8L+Fr+LDXVOS0sjMRJZhuqLIn1O3uZFNMN4WvJigmpRcrm49t0QDN8LSCC36oJkfOEZMmNCRq3AnLkANSTgfDwqyd6lxtvsau9q1YvEHy7agyoVYRwQ3LosToddP5VTxjw1bDBkYkFiMrFSRpI21I36dqyUbuZOeZp4+uxFAmkgyfgGDt3lKQEvASrZjD6nRlJMaQJEbSRvXUlWggggwQdwRoQar2AxbKwZTBUyD61crgGLt+bbH4y6Og/MBtH60bd9txTsqEmTiy6G926n9ItxqgrVdxNkdqe5+lQXuHEiaXiYY9mMs5hq3Er+CwILUxxOAIGlG4LAwZojEXRtRvnJbaKTEAN4DhLIy61DfwIJ0pjZsyK3ZEGKUchBJEaEBFQbCYU9agx+Ek1Yxb0oTGIBSUzkvcecI01KnjcP0iuOKYFrTeWx5gFJA6FgGy/IEVbeDYVXuZ2HLbGc+4+H95/01U+L4nPcdzuxJ+p2+W1a+JiVBMzclDIyrwBv9zArbBaBx17MameTQd7erSSpka+JHWq3FaplxdGNMEtGEg6UJhLlSp8VV690tlgUoSBbMPXN9eaj3ABoa/b1kUdyvsZPhyQNankUMLnSilAiknneWAwAhFttKksvJ1qO20iskA0sgGGr+YfcAihQdal8zSob+IVaBQeIWRhzB8TdgxQVw1rE4iTNRi/VpEoSg72ZG4qFrhFTXHqMEGmiLM0LhanPhjwoMWWm6BlIJSDJWdZf8siYMHalawK9E8PW3GHRVSAFz3Msg83w9OYmR10G1VeqztjT2cmLfYSxYYtYtFfwrdlFCqFUhgMwhTOxiTPNqfWkQs4i5zoS6HWCekgaaz0NWKxjVui6vkm4pDEQVDOQBKiQADMb9TWuC4ci2BetW7Ob4Rbd2caaZw2jGAJjb1rIX3bsR+TFabiThvDrjpcLFhmRyCdGUxoYGoPX5VV+NcFxALOzeatsAZgwnJEzlJzZQSQT6dq9ExOFWyzMUXmHxqWkhpHU6EaH5iuuLcOF7DQxOS2ys+SQWVc2YezaH5GjxZdDkAff/ABGY2KTxpsUQYp/4P4y1nE2j+RmCOOmVtJ+UzRnGPBD3LgOH8pFyiA7vmbcySQQDEDoNK54PwW7hxme0GxTsLeFtEhlzaFr7ZTBVZ09Qx6CtTG+PMPZz8eY8ZNW17S+ce8Pg3luW1kXJDqokq3S6B2PX2PekrrlY22EEbj9/tVb4f46xdpslxgYIBW4swdpzSGG3erXxvxGjWlF/D3EulPMtXbY8yy4iSpuASu8EMNDB10lXU9C7rY5lvp85xkBtwf8AbkLWRFCjhoY0mxGOuc15OawHC59jzTkLITmUGOoidN6aYDiRIBjQzB6GN4NZT4MuNbl9cqPtckOEy0GUJNFtfzP8m/8Aia0zBRUAsFBPJhr/AOiB4qdYS50NRcRehFxXPR16wXEKCxOg9zsJ6VwSnBjTkGkwPFYnysGSNDebL/piT9h/uqlMCTrVv8SYdkFq06lSFJg+ukjuIUbd6rotQda2wwXYeJj4EZ01nySYA8AUDet605xOE6ilN1YNNxuDOy4yvIg8Vlcs1ZT4iMMCIOtTXrwnSubYlZpezw1L021xmul0x1lkA1BcNZhb2lY9smhMivMFbExXX6ZMULicI/auLOHbqKPSpiyWlkwl0ZZoO/iNaitswWIoUqxO1JRNyYZelAhzY+ocTipFDHBXDsKlXhz9RTKQeZBLmDB5rg3Io1cCwri5wxjR61+YvQ0js23uHKis7dlBJ9TpsPXYVfuAeBLa5buIuC4hUkqAyIrQCQ10GWjUcsagH0oH+z3hGV3vGcyAZQc2Q5jDZ4+IabbaGdhXrMi4jIVU24ERI2AJE6kjTSBtVHP1NscaGoh2INCUReC4eyfNtYXNqSpuM1wA6aBTAKx3Bpvg8QxQTlUAZojMy6ksWkkxLd9I6DSmWJNssLkZXUEAgnKdIGnQSYIPUbGkr8UMsCJOUroIltBuAJEa/wAaycrOx0kkxe5jq1ct+UxLBczQIUgSeYiR/i7+29DYrBsOcszwZCgMzb5ZH7aQXeLqA9vM2QdQdBETAABnTSubXG92Vxl0gvBnlE8oMhj/AFND2TXEmpduGh3t5XGVoOXOARtykr2iQRuIIoDhpuYdD5ykCSCAQY6hvYyy/OgODcaU3LIL6vIj4Qub4FgHeVHYkHWm3iVDdWBrEEiGygjVWMD016RVrQWQEDcbQtOriTYjCBrKXLKCFI1+EhdRcYBfiMqNP4VSvAePF/iHnAEBbblFYarsuvb4mP8AqNWbAcVyJlDc1uFI0IAymWn5MYqo+Lrqpe8xW/FuqC4UwqiFAQxvIUT0mrHQuFdjpNgAS/6f0bdQ5Xj6/Er3juw36ddyqSCZkDSfU7V6V4PxCX8GLLkTkKspImIg1SOCccTMFdFyKTMAAkGJBp1w/i4tSRbDWrhOTmKZDIGjwTIkbDSfStQdQb3mu/pAGOgST4OwB/zF2BsC3ea3cb8Ns2HvDvOtq5M6ErDBujo20yBuGObF67hLx5Zif8Lj4bi+4g+ojvUnifhFw4oBibbXRCn8pZTmXNGhB1+lRYrDNeyMwK37X4VwHfkP4beunLPYJ3pGYqCfiYOlkyHGeTx9/BEa4PlZlb4lDA/QiR6ag1rEXhrWW7ubKDo4DW29QmUq30aPkKb8F4ZbB/SL5AsrIUETmcdQp0IX10nfQGsp8YLgD7zQwdT7Gdx5r8gRnwrwnYNhLpTzSwnMXe1OpiF0hdtTvodjRfC+L2/K8ryrVkD4M7rq06NDAk6gHMe09KaJfD5VLNca4QQrcukbvaypAjWDvPWnI4TYKZGtWyoEHkUDT0AAq4nTnJek1M98rNydohxFuyyKGysr5kZVIJltOXWfYzO1ed+JfCxw9s3ReV0z5ACrK8mSB1BYAa7bV7S+UxCg+4G2g7aaGq74u4AcRh7lu2ltbpKlcxldDqwgSGyk6x1+dT/x2TYGx9jD6fMyNQOx5nhOIBjSkeJJmrBxC21p3tOIZCVYSDqOxG4qt467rVjBd1LvVEaQQYPlNbrjzqyrdGZ9iNrCsooe5akzTplzLS9GAOtV0ewZYzY9DCuJJhkgUZhSCagdgdq7wZhqFtxJFBqlgt4MEbVteGKNxTHApKiu8UmlUTlINS+MWoXFf6Ep0ior+AVelY+JKnWuRi8xmjt+YoqnxDcPZWNqiuoJoa5joqFsZNAFa7jLWqm8UgFd4QZiFAJJOwEn1gddKEu35qay5RM3wkkBWnWNZgdNQNf50willfMwRS0upS5h3ARALZ+EEEBlOpBk76mdd/SmOO4lkVHtgjMMvKYB3kFRuw+VJOE8Sz2xbZGHUkkBYVSQRPwnTeurd5bJcu3mAsGHLouknQmJ219PWs02Cdt5i8wi3ZujK7gBeoLdAdc28GJ6VmKurcXMpVQZInYw0DUx0167Uu4l4kUoyoptL3gMST6GIET1oe47PZ5nyq2ikLCyoB5utR2jsT8yZBew+clwygjQxJBOsCNztv61W8WxGxkb+sfWn+CsMM1x3CMglQCCT+WRP5aAxWGXcZSOwjfqJ9Jq9jIU0Z0aeBseCy+dIW0GZBpqSQFAn8xYwPUirtxS5jwURRhwjDU856Q5KkiFA1mTqVHv5/we2beKsljmDPbykjoW5TEaa7VdfFePe4WVDlRiLIcToFMN7SxbXsBV7GqKhauTNLoOn7rAeOTcT8N4Y9/EOyNOhDXNMhfoCDuOsfs0pZxPwhcU/h37V5uoBII9YMyPv2mn9y+i4Z7WFc5kyLqpDFGMXL2UxmBJnTsBVO8U8May3mWWYFYD83MW6uNdj79dhSQxJ2oS3k9SyI3/AFgKt0BXNeTOH4M6W3uBkblzMozAqupzQwEjQz2p1iW8vAWQ7au5dV6hYgn2qu4XjF64hDrmLLlJ01UnUkdOoj10qTjwvBbbMGNsKAGysFncrJG9MXVuDzNL0/Pmy4teXgHbbnmel43iNjFYdSrjOgBHcEe9VfjF0o9rEgaN+DdH66iUPzUET+otUzBY0qZBj+FWjCOMRbeyDDOvJO3mKQ1ufmI+dRm3NMOdpW6/09ThOXGd13+teRJby/8AEjLqHtlwe8CDHrCj51fbWBBRUaT5aqTE5Aw3B6OZLHKZGmup0898O3Ze0xkZJZZ0MHRkIPXMI+R716fwq6TbAOpgfU6ftpCYgWr4H7TBR2ZCW8m/zDeHMtm2/LJU+7NcuasCx1JnKJprcxGUBN2bf959N6XWIyqegJuH1J2+Un7ChuKYsIR1Zhlide5A7DufQVogaEizJsTfztlU8kknm5SsRmc+pB01PKI3NSLYcMSrMWEQD/y9Py5Y0O+oMj11AX8OlE5sogj4RAQNABI6ue5JOvypjhnGcANA1A5jJ9gd4O5k0igeeZAM8a/tPxYu4wsqOjC2i3FcEMHEkgn83KV1G9Ua9hydxXpn9rnEbKY2D8XkoW6yZaNuuXL9qrWRWgFYkT2/b/RqTrQk1t8y+FV0AuU79HrKs9zArJ0rKnvwOwYbhLIy0rxuFgk0ywNwZRXOPtyKrY3KvNLqMQfHYlfCka0bwxszCg8XiIEVLwE881bf/wAkzKU+4CemcPyhBWsSA2goK1d5RWITNZHmzNmthpgeL4dNLrmAK1Y3xAG9Q43EoUNMV28SGVf4pVry6UIjQay9j+cij8Pg86zFW29o3lTHTtQMDYirDw/B2msDOYczlgLqcwgEn37j+KS9gDRqM/l21to3m22Laah9QVkEwAO5/wDSX9wFGL63E+jiWDh/CHUsb5ZlGaBmXLymS8E5RETzekAmorlxbTEQpZgTB1Ajrm9j96543xK6tsAmXKgM5y6yJZFIgZNtQJPsKWcc8Q2rnk/hkFVGbXlOgzqsa7ga679KR2mc3+0yRF2NL3LjWolpOxgDSYM9CAafY+8CEHmZLb81sXAVGsSsxAjtPY9arfDMZaF0lmCqwIUtOh+EHTb4jvoJJ6CrjhcMbiBHGdDywdQ0GMwOsRqfddO9HnpNII2h49Or3cfSR8RFu0igFbhMF9TBYTytlIJUAaaxsetVe9iCTAEdAo2+Q603vXMSW8i3nuoG0DLJB/7mkrHc9N6HTFPh3D2cocf4kVo9CY0BJO0aRRIgG4N3NHH6cM6FsDAkeKoyBmZblhypUh7R5swnI6nr6afKnWN4riLb3sGgEtcYSwE5ZJBk6AEQZ7UL4y4m9xcMbiZTBbef+mYI3H396tnj/gmdFxlr4lWHjqv5XHcjY9wfTW8ik4gR4uWPSsy42GPJVN8+CDtKrjeDYq1bDuSFjU29NOgLRNScVa5aw6kXPxLigLyo5001ZgSTEj50MvifEC01ludSIhhJ+tC4Xj4W3lZS7L8EnlE7yOtAFXwJvP02MppdRsTx5H94TicUtnCqjQ166c7sfigAQSfUyYrvEeKWu2fJZRlIg+w2iqljcSzsWYyTvXNi6QaYRttFqcYAxkbDicXRlaKNwmMKmQYjUe9DYtJE9ahw4Z2CKJZjAHr/AF1rioZd4Jy9sm+JebOOV3t3FVQLga44AjLdzFbkejMA1X/w+5fNOxzD/fIH0n615n4c4VdtllcasM2hB00jUf1rXpWAe3ZBVnVTJ0JEiT2palNV3t8zzOXQLC8b1/OPQ+3ac0ei6KKU422+drx2UALJgSdS7eg6Dv7Cimx1sEjMNADOsZe4Ox+XrQPFLi3HHMGVRoAeURvmI69I/nR5cqaeR/OVCZ3hMYDplztB1AmNYJzEhV+cnfbUV5r454heXG271sqt1UYK1tctyGQrzs3KRGeGyqQDEaCnuK8XH8VLls2ipYLlk5srAKwOmusjX8vfeiPhXdLzs4PdlGYwdZGojt8utThVtVGPRCvuM3xXjhxQE6XRCqozl8wGUlrhlrhYKNSdNoHVNa4syw4GYnfMTJOgAYzqIHQT69pMSc7h0QlSx1YanYCDsNCPbSuOI4b8PzCZJ5TIQZNggIBmco+IqPerQrgwyDViRHiLf4BsNyT09qysmyvLctHMN/xMu+o5YMaR1+m1ZRQdo5wLmKY5iRQ9kBd6jxOPEQKyiCzbCa16EpjEvFbfNR/AzBFA4piTXeFYrrV1xaVMkH33PQbLaCu2btVewfEpAFM8NiCayGxMDvN1cqMvt5k2JBihBhyRrTF7gpZjsUZCrqT2pyJXEp5M5baooxmCUNTLh/EbNoANdj/LbZvlDFPtNcnhrtE7nYASft1pra8NBFnENuPgXX/yY/u+tPLKwppWx9TixEsdzIbt+24m1etv/mtvb6e5HbrWWLF0n8hg6x2IOm8mJ6gd6FxCWUBS3bXKkMSS2h1AGpjr9/Sh8NbvMd8gEanUyOw+Z370p1QfSGc+frLTGv8Av1h/HVLLbAMsFyneS0sSTPSNPnpVfx4XQNIKgHQxM7xOncVYb+AuZdLh13MKSe8krP3FK8XgrjSDD6b9du38KHE68XE5fSupxrqK2Ppv+0AwVywL9s5WEGFG8tlYAtr0bLttFWPD3ltZ5Q+cw01gTM/DoAdZ23+dKrPCw1tSSyuCCCoExGVgA2kkGPQxFM7NsECFA9yS0bDQDaBNFm0tW8p48WTI2lFJP0kGCsYm+7ILhQNAYhpygncsPSTAPTWjcTw5M9yzaYFLagh2OYlQqqF0HxF9NBO1Wnwbg7N0Nbkk5RnIBAAnWCR+Y6ewNMeLf2fZ3VrF1QhgMrg7CYgpv9BvvTMSMwsDaanp2Rukznu7beRPGOL325bbmVB5dROV1IK/I/tr22zaa5w8K2jG0unUHKDsab8N8GYWy1u4LYa8ihRcO4gEZgvwqdTrE+taxiEsFJ5s0T3U9z9vlVl8q9Pj1NF5tObKxx7CyR+Z4JguIZwbbwGB5G2k9Eb17Go8bI1KlZ7gj9te54fhtlCRbS2hUQCqqs9wCBSriN1SSjoCP6+VYh9VVsmyV+Zr9NncLpbeeR8B4cMRft2jMMdY3ygFmP0FXHxrawluxbtLaRHAZlKgBwRAAJGpBJJM+/rUzcPtYXzL9sQ5UooGgBcjmjoYHSkmP8O4zEMHt2syBVVSXQZtJMBmncn6VcHUJkIbVQ+pqUnY5OpAugB+sqmfTWm+G4ItuGLMX/LEBGkE6RqRHeP3URwrhS23e3irRFzSFeQMvdSN9dJB7bU64vwov5dy2ygFHD5jIZo5coGhO41gU3JnAYKDQPnxK3qHVljoXav1giefllbwtDYBlnZRnjsJ1J9R6ijcIFtt5ma4Sy6F/hJJMsF+JSZ6z7daW4Lw5fZScTcAGvJnE7RLMpkAgd+p0p1fwdl2tsWgKGBjRQREBZ3Gn2FVMrqPaDfPA/rMmTWOIgMwg6qIObQSR+UbHbUeo61i8SVCV52PaCumwIzaxv7kGknEuI2LLqhQDcq5MMIgzm2Ov5Y17Uu45xk51zKy6q/UFhHWdf8A1XY+lZ6NGvmFjRmM1xq0ysArZ8vxRrEHXM2w9vbXpQoy2bT4jzLeeQPJEg6nSSN/5b0FiMZbUMyBgxnLMnmIElthmmTrPqO6qxgw8MvKBCkKSSxgxAJ6kR2FbaKFl5mJFRvh7jPZ852lxyoNiMxJzKNoBPbrQ2NurouQajnYkszHXUk7dNB2qx4TgTraVXjy+Z8ugYGJZQ3xZIGb5ntqM3BkuXFFoQumYAchgidSe3akd9Sdt41EJS4Jg/Ddi4gf9KVZ/KQQRBiPtW6uVvwhIGqj/SBWVP8AyD8QuyvzKfclqFaxrTA4xe1RNfB6VWVmHiNy6D/Fc3h8EDRX910dwjiGHtowuWWuOdAQ+UKNNQOrb0cz2WE2rhnfy7gyv/pb4X+x96W7ve0PEuAijzK4MHlNNLNyFjrRH933mGYWnI7gfuoNhBgggjodPrNS2RXAEQl4mYkbHiae41HeH8C1xmeCcu3WCetR3Ly2xzR3hgdYPQ044Nxu3ZsMQQM2vQSZIj0iSPkK7KSF4lFsusFV8xjwE2wbjOdUgKNAZYEgx7R96r3ifi2ZWAJHqDv7TH19elVTj3GXW+7odGIkToQAAvzEdO9B4DFG9cJbZVzHrJ/KI66/sqU6d9nJ2qB2lVfdzLD4VTMxe7OUEEbS35v696vGN4RcC+fnRJghB0HQE7E1R8IxW2VJ54DGTrzAMJHTQ7Co7+OciGdiB0JMfShZdTEET2HpfSgdMjowF3e13LTi+MXGItF0AMfCqj01IEiuuI4QYfcrdDrodip7gzvVL8+pFxsbnSoOA1xvNLRjWgpoeRVX+ZN+mfi+WROcEdfc/afpQ1/GMGzqSCCDIMERsRR97g+WL/nIwyHlAbMGZdApgqRrvI9qb+CuDWo/SL6Z0bMtpYzDMh1uMoIJ1BUDXrPSmKEAuYyZMWAPkx/xH9hDvDPiOdgFe+VR8ogm4s5XWNIbNzAddepr0rw+bgQtdMAd6r2D/RRdS8Gtg2JtqiGEEqB8JA5wD0J3B10prxXFi6pQXVtgCSOUkDuecd//AFTEyBba/wATM6xlzMula23P1+n4hGK8QqJ1pIMcbwkdSflGn7qXNwy26My4pWy6HlEAnpLOFn51PgMIlqyp87OJaWASJJkgt5mUb7Zqy+uGbOKr8XHYBhxjnf7R1YsKqBiRmPT+NC4zhyXdA2R9g3T0kUPbCFS4vLlBg5so17A5iCfSa2jplLrdDhTDQFGU9iXYD71mHo82oMq1X15hEqb937ys+I8NcRltOp7+jeoPWrJg7rKiKBGUAAgGNBEzFH4biNlxlZ1bLJBZSQkDfOOUb9+taTi9m4rIhEiSTJgAf4rmUhatN0+R100B+fMqIpV9V/pK/wCI+IBiFcK2TmLQC4PZSdBGh1pAmMywBzoCcwG+XWSxOmg6abfOn+NweHvGDbuM0TmRiiASObzHWDG85dqVcTs2bgdcLhheIhWdnKg9QAMwLaiZg69KtY8PtAY3K2bAzuW8RJxnHSjwmw0acqljqdtu0+w3qmX+PXSRrAAGUAZQRO8HqTrPpVtxuFusScrMQAChK240A/OwLbHX1pc/hbkBaxcznonmPaXsWZZJPt/70OmGNFphEL07DmV/ifFvPYSSoXYMSZ1J0AGnb99BWrDu2Ya8wWSYgnQSSdPnTo+GXHweXcadQGAyf6HIYn3prgML5aFHuBbh1/EFwLHdDbByn9b0q53FRaWOTCeDFWD8LXyzGF5BJZmGSdshPQxVn4R4YFkM9x0FsLnYrpAIManYSIGnNOm1SpxnCtkt38sWoYHNcuWmI2YlWDE/5lNDcS8eJlYW1kkyVMXLRgwPiRXX0g6dqQWd9qjdCLvCPFFpLeGs3A2ty4VZdIAALGI21AB3n5V3wTiNtV0k/T6RVJ4jbZ81/TmgkQNAfUAT9KDtYwrsakYRppZKZN561/fK/wDUP2H7q1Xlv95v3+5rK7sGH3BGlu0KOsWVpV/eCisPFe1KbG7TP1S2+HeAHEXco0Qas3Ydh6mrvxHwgSotpFq0sFiIlspkF3bpQfhC7bw+GD3DBK52PWTr8+gHyphbwt3GgPiHa3Y3WyDuOhuEfEx7bD60XT9P3rs7DzNJF7QB4vn/ABFtzjWFsDKLhusNyiyCf8+in5GkPGfEVi8y/hsMpklgu3bQmufGODt2rxW0ISB69NaM8LeG7FxfMvvmnZFmJ7Mw3PoPrWovpnToA25M0Mi42w2xNEfmUjxVxgMxyqVnYb6dIPzpSmGxPYklo8tpzDNqOU7Az++nvijDoL7eWOVGBXXXQjYjanWHS2jsYVroMu27ZmAOWemnT+NVuorCLqUcXpqnIFBO/H28zvhn9nrXLXm3VznoGZlHsMsT84qCxhrdlWVURWO+UbR+WTqdacYrxUzW1SSI00qrX8RqT3rPYl60k/0/lN7p/S0UMcqj6fP84LxC+RcYzoDHyoU4gGsx17MSazw/wR8TcyrIA+Ij61ZAAWzAfIcRGNNxOiwFCYnEdtfbWrbb8N7HIzpMZgND3yk70Zxfga4dFIQKD0Zgz69WgAD2+9J745AMe+NnIQMBfxvKVwbidzW0xlGBIU/lYa6e4Bqw8D8bPhUNpkW5bLEw3TPvEkabztvM0HfvglVygnMIMCRJjSPem3Df7PWvp+k4i75FjZAEz3bvTlUkAA9CZntEGmppc2RUyut6c9N05TVZvb8yycT8R2gXz4e5nnU24YqI+O2YOU+4iRNL7XifByhFpxAGYFVPmlVKqbq6FmEzIO+sTWn4S9nkIuXLZG/lZb77nnvLmzAew0EEdaRGwPNNvyHsyM3Vn00n8YhY9R6UrStzOB2jm34swTtLWnIysotsQ1qW3fUBwx/xTPrXb+LMOM1wo7ZuVA5lE01S3ctkQPkT3Jqn402pOUXpnU3Cijt8IEH5mtNat6qbonQhVtqY7zr6+lccamSCZaG8XWWcXGtMSAQqMyPaUEdEdPXea2njZFZXuWUlRCZWIUT1Ftgy5vUVTCi6jMSP1hv6gKP2VKxBH/Mk+iEx8m2ru0ok3LVd8Ym4uS5ZtvbJJAGa2e0nyyBPqRQ2M8a3pOdM1poMORdT0iVB+hquBNPiYgak6AfMTAHyqK/bVlmUPqF09pGlSuNLnEmWXE+NbzhcjGyV2yO6yO2VmYRQmL8S3roZHGeRAbyhnB7h4n5zVfw9ggyebsMy6/f7UQbgzDMBPY3AB/4qKLtqOJ2o+YztcbxKLl80Km0XPxJnpkI0O9A4jEXFP/MFsnX8y/RFoqxfYEBUS2OrKUB+pk1nmXcwAvW1n9fM/wBlH7agV9JxnFnhly6A7ebcHVtLae7O5kj0FTtwSG1UZf8AE98W7Y+XxmubdhnaLht3ANmuX4/2owqR+FWozAYdzPwi+yLHcXGIJ9hRXvzAMmxuGsWUjzbSkmZ8m41sjsCwm43rIFJ0whvN5ivntoQCSgtrPRQg6fOpPEFhcq5VsTP/AOK6zNEfmdyevQGnfB/DBu2Ey3AnMxzJbu3mI0EEKcoHXUzv0orCrdxGRqu4txCyxOgkkwBA16AdvSlWL4KDqjR6Hb67j71avE/hq3hbNtvPe5duHlUoiDKp52KZiw9PWluA4OXjOzx6cv8AOgRiBqB2i0BfdZVmwF0dB9R/Gsq/N4ZszsT/AP0P8Kym96H2n+ZWMPwVZ5mMen8TRycPsDaSfUTWvNJAg77QUP8AMV1bcTBJH0H3FNqCAPAlixuMz21AMLAn3j91TYTxTcS15ZPKBCjqANInoP8A1SDiyHDhdTzQcpKmR3GXbv1neelJ8RitN/p/WlXOm7ePGFH+maIyqwGqNOI8RztJMnt0rWG4qVVgNAekwPY9xSBcRWr2IApzdQKqNPUgipPjcdM+tMOGMqBgrliTmae50/dSfhoRnL3TCJqe7Hoo/afQetDW7jNdAtEsXOUA6EknQanvFZuf/tsGIX1E4+oV/Av9ZZr9+gr1+nXiDALatq1tWOpDGSwA6Fj019h9aqr4iPeqmEhha8TWPqoyrqXiS3btWXwabjFbdow1xis++hJ9ANfYVSruKq0+H8W2DKXS6EsvmKoMkBwUIJ2kgnbam5UtQD8yrj69Bl3okggXxfie04/ha37Pl2rhtsmisvWNOYdQd5Gv7K82x3BsV5hslHuOObllgVH5g3b+t6t/hO+99Q9qSh3J0ykbhvUVbMXjUw6yx1OwjUkdTr9qhsKsATtK3T+pZumLLV/fwfvPE+L+F8VbVbnlsCYOVdbq6wGyDUa/P0r0XxTxVbbWIjy7ekdIACx8vtQvH8TeglGgnVo0OuwJ6iOn8qQ4Xhnmq5OfzSZRYlbhgTH+EjcnaD6UBZhsBBzZmzHU53g3ijjyviPP5isDlDFCQNwGG0jr0mjsXw0Z1mxbgiGL4hXVR3a2WGY6DVddapvFrFyxeAuKFMzCkMCRruNO2lWHBcQt3cOtwfoXmJDEP5oZWBgu5GzcqmRuSfmsoefr+8Vq8RfesJ5qgthFBMfheabhPZQU1M9K1xjD5RlL3+0HDgH67HcaxTfjvEACH/SgubKwIwqtKsNCr5gWBMw3b61nF7LvazIuMKEAg27qMsET8MErPY7VN8GdK9heHgrKpHo10Wm98jbfalWIskSCpHu6sf8AyE/tp1w6MrK6211mcWM0+gYJy0FxLDgEn/hhP+Bmg9dJHqaMHejJgQtCJ1j/ALeb6lQZru3aP65P6lqPqYozA22KaeeY/wCjqo9IIqVrDN+XEtHQkWx03JUafOuudFF9MrCRbHrdzT9KcYK6oAy3QD2s4fMx6xn6b0Di4RxP4foALjfUTTTCXWZRF3FMNNLVqDGukmR9q42QP9/oZEDxn/Mki1Omt8EOPcQaeYO+AVVb9oEg8liyc51P5zEDv86rvFMSEvCQukSLyrcf/wAso+lWDhnGBclRcdFGgW0qqrkzAzld9DyakxpNQwOm5BYA7xbZZBcJZ8EDJ5jbd233Zcm/zorimKBt2wbmHYbjz7TIkf4rKLIAoXC8VCu3/FKjSRFvC/iT2PKDmmueLcRXOFN6GA1F+wLlyTrmBy8oIjSdKYFOoQCRUA4ri+W2yizcAY/BbKKraRl2me59KuPhvxMvkhQgbKSOZ8jDWdrfz2P02rzPEqEcqHZlnMwgrse0kfMGrThlw1tbQtF5cSQJzdiCToASNDpsaY+FWWjFMocURFvG+NG7i7lxtg2RQWZsoTlCgtJiZPzNN+EYs9RoNug+gqs4zhzG7cYZYzMw1idZIX1E9SNqKtOy8oMmVEQc3NsYqHxbAARmNSgqqqW3+8F7H61lUy5i2k8n3NbqO1J1GGDBufyjTTQA6zXYtxrk0769O0VBdtMJ0BHqDr96jSz1KgewNNK3zFhviScRRrgESCoIE7Qdx3G9KsUjoOYad5n+dOEUgabe/wC7XvUNzCZozAE9D/KKJTU7fxB/D+EF24Aylk2kHKMxIChm9Z2Gv3p3i/BxdmNq6iqTyq8hgCdFmTMbSa1Z4LeyAAHIDIA8sAHTUagztTCzxjEWjIDHSJKDuTOo1OsTVbL3i14z+Ilg97GKL3ge6DkNxSQAY1iCQDqdt59Yq2cG8K2rCh8gZxqJbWe+aNPlVdfiDtcF1ic4BEmNjuCsRB/dW/72um5n8xxHRSMsf5RSnTO4pjBOJ5M3i7yWZGw+YQCDmCE5gCA0qZGsUHwqzh8XcfPYWyNDNt23bbl2G3QdaiKWtSbQJJ1LO5JPuSZoizftjVbCj2YfSYoxhVQdAo/Nn+8JcZ4uo3PA8FhZOU3L2Qsqt+IxbZctvYme4qrf3VibwcvnDTojHKs9TroIps2PEaI4+ZPtqAKxcWn+Ir3kHU/NjR41ZeTZ+TDXCo5Nz0XhvG7HDsJashhdvKnMR8OZjmZonXUxPYDaqhi/GTFzduEk9AenpFIsZZZ9VvKD6geunT070lxHB7jEy6n1Ib/6gj702tXMM+3jcz3Dw7xPDDCpeusrPdVXb0kaWx2jb3BNV7xF42QjJh1CDvAkzuSfoa89wmHvW0ADB1UyFlgATvr+6KCxFm+SeUL6yP2moZCRQ4kA0bPMK8RcTzAS0tmmfSNfvVg8DYwmxdTMQmdQALC3gXuKdDIJ1KKdo6bmqYnCXZtWt6//ALbR/wDtVx8G3P0R2ZHDFgMyllAjWNVJ7nXb7ULooTSISlmfUY7u4q41gG3exLZSyMcPaCoCNQotDVIUj0O9DeVnshnss7wQTdvmzfOvxPbc5TtAI6UTjMbhjbuDyrltnYMTaDh5AgmUzJG3QA9huFHAHwYW5ba/5jOSVF60ojSAAzH4pPRwPbqjQav+kZqAMD4VdyMylVtqd/MCYgGOhWZj2qHjGIESpwjDoyIV9Nigj60bg+HtZvZ1uraBnmt27ofYxBIZCJidTpQnifFO7EC8l0DYuqK8epCwaP8AinatoPw4Sp/DZv8As3AkfUa1I9uTHlXTr+e7lA26jKTQnD0Rl58mbXlzMpHaMrQf60rbWuqrZJ/XuMSPZXgVNb/7/edq2nV3FEPCubfoqs/+7MaNN1mX48S4+VlPmzHUUsw7IDFy4VbaFuKB7qwlfkfrRGKwaEZxeJy6hWayQT2JFz91Tp3nF4tvHNcgTv8ACFLn5Hr9asmLuMLEXBiCNMpusqhW/KVsKcza9+9KcJxewYFy0yt3Gdh/tZWH1NSY3iVu2M+HEXDEki4ZXqG8y4wI9IoiCaFQCwMPwHFnZJZ8rQJjRiesnfbrUt53cD8R1H6piR2kj+dVX9OMkkBZMwNhPb0prZ46xti2SCoMjQSD70Pa08Cb3R5ul7QxMAR+sFx2ICZV8tUZTIdAVLCIIkHUGBv19zXOJ4ih5bakIJADAZoJmDBgwe3T2o5ryOOZQfem3CMOt24quwRerGJgdp3Ov3phybbiB/8AMXUWRxp54sxPxLGKoTI4Mj8RSrLJH5pYQdyOh+tBWuMZZZVUEwJOug226+tWPx22GzstoDIFAEb5hMmT1qnX8UGtomxUx0iOnTce9MU6t5ndWnZIUGwRe+xH3jJuIljmCLr2BrKgt8M00cfQfwrKPSZQ7g+J2cQSdQvylY+Q3rq3h7knbLPX06afSsrKgCCSZMMMTu/0UDf+u1E28OwIAY7bED+NZWV0lZK0aCeb2/jNQlLnTX5x7daysqBOs3NrYcic0RHX59ta5u2WB1IjvqenfesrKgwgxkqllnKY6HU7djG49K4NxQddd+ny3rKyhhidC9Pwgfy0B3rWY9du0DsOtZWUMmEWbYI29PnUrWB0j10j3rKyukQR1A/qaGa3M80fWsrKIQWm4K9SQZ/qKzzASM6q3uoP1rKyunTu3Ys9ba69lH7NKxeHWSfhIHueunesrK4yQJy3AkPwMw9MxHWPXvXLeGCPzt30b+VZWUGoxnbWbt+HoM5p/wAwDfKD+2ib2CsAQUII65VI9+Vh9KysodRuTpAg4FnYC3Igf8tgdTBMiiFwqxAt22MflJtn/crCtVlE0ETLvC1ifIfvpdtzHcDKBQd/BWgAzeYizEstthP+l5+1ZWVwMgwccOsOwCX5JkAeWy+tTHwuwHK4J0MCRvtvWVlESRIAEl4fgfK8xrxkKsKo6udFkjoN6CxWOaJjT5VlZUDc7y+ud0wDSYru32JmaEBrKynLMl2LNvJ/0tujN9TWqysooM//2Q==');
INSERT INTO `goods` (`id`, `name`, `description`, `buyPrice`, `sellPrice`, `discount`, `amount`, `category`, `position`, `good_img`) VALUES
(9, 'Đu đủ nguyên trái ', 'sản phẩm như hình đăng, đu đủ mình nhận được để hai ngày sau khui ăn ngon, ngọt. \r\nshop đóng gói đẹp, giao hàng nhanh.', 12000, 30000, 0, 489, 2, 2, 'https://cdn.tgdd.vn/Files/2014/08/30/563183/du-du-giup-vong-1-tro-nen-quyen-ru-1.jpg'),
(10, 'Ớt chuông 3 màu Đà Lạt', 'Loại rau giàu chất xơ, ít calo\r\nỚt chuông được xếp vào một trong những loại rau nhiều chất xơ nhất. Chính vì vậy, có thể dùng nó như một loại thực phẩm để tăng cường chất xơ cho cơ thể mà không có nguy cơ làm dư thừa lượng calo hấp thụ vào cơ thể.\r\nTuy nhiên, cũng vì chứa nhiều chất xơ nên ớt ngọt tương đối khó ăn với những người có hệ tiêu hóa nhạy cảm hoặc mắc bệnh về đường ruột. Trường hợp này, không nên ăn sống mà nên gọt vỏ, nấu chín, ăn với một lượng vừa phải.', 23000, 25000, 10, 392, 1, 1, 'https://vinmec-prod.s3.amazonaws.com/images/20210604_012841_203821_qua-ot-chuong-2.max-1800x1800.jpg'),
(12, 'Thanh long ruột trắng ', NULL, 20000, 35000, 10, 9, 2, 2, 'data:image/jpeg;base64,/9j/4AAQSkZJRgABAQAAAQABAAD/2wCEAAoHCBYUFBcVExUXGBcaGhsaGxgaGBsdIR0kGxsaISAdHhckIC8lHh0pJB0aJjYmKi4wMzQzGyQ5PjkxPSwyMzABCwsLEA4QHhISHjUpIikyMj00OzYzMjI0NTs0MjIyMj00NDIyMjk7NDQyMjQ1MjIyNDI7MjIyNDI0MjIyNDIyMv/AABEIAOEA4QMBIgACEQEDEQH/xAAbAAEAAwADAQAAAAAAAAAAAAAABAUGAQIDB//EAEAQAAIBAgQDBgMHBAACCwAAAAECAAMRBBIhMQVBUQYTImFxkTKBoUJSYrHB0fAUI3LhgqIHFRYkM5KTsrPC8f/EABoBAQADAQEBAAAAAAAAAAAAAAACAwQBBQb/xAAtEQACAgEEAQEHBAMBAAAAAAAAAQIDEQQSITFBUQUTImFxgaEyQpHBI7HhFf/aAAwDAQACEQMRAD8A+zREQBERAEREAREQBERAEREAREQBERAEREAREQBERAEREAREQBERAEREAREQBERAEREAREQBERAEREAREQBERAEREAREQBERAEREAREQBERAEREARPJ6gBAJALGwBO5sTYfIE/KesAREQBERAEREAREQBERAEREA4ieFetkyk/CTYnpfY+l9PmJIgCIiAIiIAiIgCIiAIiIAiIgCIiAVfHqOakWG6EOP+Hf/AJS078NxmdbE6236/wC5NIuJnMCDSZqf3WsPT7J9rTzdZbLT2RsX6XwzjeGaaJ50qgYXEreJcaSkco8T/dB29Ty9JslfCEN8nhHS2nEx/Fe01Wki1FRMuaz+Qte977aH3Et8Bxxaig6DQE/68pTDW1ShvT4JqDfRczmR6GKVtiJImiuyM1mLIuLTwxE4vM3jOJV6xZMOrU1BsalRSpNt8ity/F7Ts5qKyEm+jQ1amUE2J8gLn2kWlxBXuFVsw3UrYgdbNbSZrGtVoZM1UvmBuT1Fv3nXE8Sqd2cpNyNLFgduRGo+WsyS1fOxppkoxy9uOS8qcZVGy1PD/mpX66g/KS04lTPP28X5XmQ4SWrrb+qrBvtI5DW+TDUSd/2d5l6bc7PRT/6ZTOqN6fDyvmi2encXhs0VTGUiCGYWsbgg6i2ulpA4HxZal08YsTkLixZRpf5EMOukj0MMF+OgjDqrN/8AGxI+sy3H8bVXE50puqrlAvYaLtlA2+Z5y170svGf9kqdK7ZbeuD6bOJU8A4wuKp3GjjRlOhB9OhltL08rJnnBwk4yXKO0TiczpEREQBERAEREAREQBERAOJS8Ww9nFQc/C3y2P5j2l1POtSDqVOxmbVUK6tx/g41lGbxuNdKFTu/iy3HXTe3na8w9Pjd3Nxc3sZuKyFGIO4mI4jwPu6xdLCm5zf4k7i3TmP9TwNzcPdz8HMSeMFonEqjrZVQDoUU/mDIb1GclDUByjxItl0+74QNDY6ST2iwQp4Wh/Ts13qhajk2IHduSumykj103lLhkB0Xwsvwt15WPrYGbaaHxl8d4XR6Gh07lLc+cFtgalRHBpOCvRmAI8rHQ+oPymzPHhlubKefiDe1tJgUYg+IFW8tQfPSeyvm5n1N/pPQqjsfHk9e7TRuabXRqa3HS3w6+crOI4128LXU/ELGx9esiYarY+Abdd/9TzF3qAnc7/rLrGnHDKlpoJ4a4PVKxamS5O+7HoJ4pxULsL20/mkruN4rx92uiL9TvK6nca3nn0VrfufPoSp0Sk97XfX0NMvEEJDHQ8iN/eWWH4xbdrjz/lphsRiTbT95zwjirq9s5Qn4W036HyP83noyt2rOCzUUKEHLGWvB9D/65Atra/OTcNjBUDB1U2Og3uthqR639plKHaCqpAqAPbe4/mssqOLRv7tPQ38QPnv6yh6qLa2/c8RXqbUUsMuKWEpioHp+FgLG2xHQjmJONd84YEFDoyHl5q3XqDv5TL4ziOQgqfCfpPGpxq9JrPlNtybW85r4NL08rMZ58GgxPaQZ2SnlOU2N77++0gVO2i02QVVC6NnUasT9jIu5B8+u+muZw2Bq1yXuaQOhcjxsPwg/CPxHX0lzg+EUqIuq+IjV21Y+rGUxhPe5N8ehy+jTVcNtv0RYJ2tq1P8AwcG2Xk1Vwn/KAxnTEcXx1rj+mQejt9bj8pH4dh6lSmy4hU1zL4WNmXUXOgsSOXKSMTTSoWo1KTMmS7EgZDckZN7k6bWtb1l5k9/Wn8MF9yCeM8TXX/uz+VmH6z2wnb/IwTG0Hon7wBZfbf2vJOIphUNVaRZ1Q2UAZjpfIL6AkgeU86uH7wKKlNbMviU6+I208xvr5QWx1FU+JwX24ZrcHjKdVQ9J1ZTsVNxJE+UDh9XCt3+Acjm1JtmA5Zf4ehE2fZrtbSxYC2KVNih6jex5iDlml431vMfyvqaaJxOZwxiIiAIiIBV8WwZYZlHiG46j95lcchIItfym9me4nwx7u4YMp1y2AK+Qt8Q+vrPN1el3PfFc+SUXhmSqJmp904utwRrqLefv7yLX4S1s1PUW1U7/ACPP0lhiKJvflO6YrKNZip94uU+D2tPXOKUoPJWU6py62ZeYPKRq6KdQAPTT8pK4gLNnX4W0f8J5N6HY+dusjuQ2n1np1yb7PVraks4wedBnDCxuPX+Xl5TTMMy/ENbdetpAw9G3P3lpSUgeXl+nnNW1NclN7z0UWPwn9wtyaxkVqI5TQYrxjUa30PU/oZUNS119/wB5mhBw4LtLP4cPwRe601Eg4nAk3yj6TQ4ekDuJYjhwPK3pLdmTttsV2Ymji6lLSopdOXUeh5jyMtcBxhSbKw1+yd/aWHFqKU1N/rMZUxShj4RrzmazSRbynhmGeirt+KPDNBxaubgDZhf0/wBS04Hwa+WpXFhuiNuT95h15heW+8qez1O7K1QM1NHCgKjP4mta9gbKtrknQEjpNjxLhj1WUioUCq1rIhIZhYVFJBsyjMOhDGa6otR5M2q1L08fdRfPl+hKWkWYFWBUaMv1jCcPdHL1KrPmVRlNgoKltVXkTcX/AMROa+K7mkz5XqFAAciXY7AkJzAvew5A2uZ3xdPvV7shwCoYsptswOUHcHT2lx4beTtiUKgLTyXZrtnufDu2UDdth0F78rGPhu8WtUzA92wR1dn+0QVNNU+yAFVvMufOScLcU1qYkItSmpLMPhX7xUnW1hIWNrFXd3qUih7tKVNl+FyWuTbxMzBlsumi8rkwROj8cVCMylhdgzpY06ZVgMruT8VzbbcHaWBDLTZj/cYZmUIoBO9lFza9rC9wPSR6VCl3lSgKByMpeoxQd2xdjcdGc+ItYdLnUSx8KL4RYDS2wAH6QCvSiLd4Us5QZ9AWAGuUld7EnQedpkOI0zQxFLF0rolUqSGBXK24zqRdQdjpprNdxFFZlqBKj1Kdyqo5F8+huuYI2n3r25Su43w5nw1ZXc1CczoCqgrbUILDWxFrnXWGsm7Q3OFiXh8P7mmwHGS+JqUHCgWV6RH2lKKSG1+IEk6cvTW8nxzgPFnNWgzG5TJY8yhJvc87XYemk+yTPVNyyn4ZRdW65uL8CInMuKxERAE4nM4gFHxTgwcE0wAfu8j6dD9Jiq9BlcqwsRyM+oWlJ2g4SKq51FnUXv1A5Hz6Sh0xTyjfo9X7p7ZdP8GEFQqbT07tDrlAPlp9Np610zDoRI2e29//AMklH1PejNSWV2SAyjS+vnOy4nlp+sr8RUA5/wA9ZCrVfOSzgsVW4tcTjha1/OeKYkNz/WUlbE7zrRqEbfz+ayLkXKqKXBocLVAOglxQxQA19pkKWKtz+cnJW0F/X5Tu7BmtqTIXa3HA6Br/AJDymVwiGpUVV1JI976TnimM7x2PIk/6lj2VportVqEKqDNc7a6DX3kV8Ujjmq4Z8JZPoHB8OtNlpqWsiC4y+Fix+LPbVrhtAeeo2lujGopV6ZUNmFs3LUAkja49ryj4XxhKgTI6B3ByoxsTlNmNtzaXi0Kl1JqaXa6hNwfhG9wV01566dNB8pbNzk5PyR8Wq4SjnUtkQKGJz1GyA20AuxbXfXz20ncJdGpI6VO8UqCKlwc3ncC3sIw1RK9MGm6shuAym97GxsfUGRayLQfNUrU1pMESnSbKgzgn4XvqTceG3IWggSk4ippq7rkDBdHIGrGwTpmvYeZM61eFLkqime7eoS/eAAsHKgZxmv4gAAOgEpsRiBWFKo9Oge7dS4eoLU3BFmWpaxYXsBYXJGotaX+GoDO1TPUswAys3gFuaryJ5wRPM1QlRKWdicl8uUm4FhmZ7WB+YvrvI741XRmRKlQZ+7K5SDcPkJAa3hGpJ5gaXnvxkUu7Zqubu1s5yBy3gIIsE8W4GgnGH4vRZxTD2YjMFIIuOovygkcNxJO8akAxqKFJGR7WY2Hjy5T8jOrUrBrljck6na/IeUmYpbjlrofn5yqwTUkDUaV7UrLYh7C9yAHbRvkTaCVf6jF8NogJTqAeJKlRD5KTcX9CPrPsOAa9ND1RfyE+RcKYkFBuXqOPVXDfpPq3BHDYekRsVFpUoYluXk3e0IYsbLCIiTMBzERAOsWlRj+IvRbxoGQnRwSLeTb2P5yv7R9oBTwlSpSYhwAFuBcFiBfobaytXR3bc8kq4OclFdt4NREosJVZ6VJi7hgFZrW8XhFwbg6HysfMTvi+MU6a1GZtEsXsCSL7eEAk36AGW4Eo7W0/BnO0GC7qoSB4TqvoeXy/aUTuDPpjsjjxqreoB/OQRgKWdg1KmVI2yKLdfF7e05tPQp9oKtJNZaPmdUjX6SvrOP5+8+o08Bh6liuGQKGcMHplW8JI8II1BOx2IsRynSv2bwTC5w6i+pszAj0s30Eg6zdH2xWu4v8AB8kqm2oinibb6ec+hVuy+FqZ1w1NbqKiGo7VDlcZSlk0DoLkE30y211tYr2PwqBcqlDpcqFPLXdSRK5VyXRKXtmvHEWfO8KneG4DW32P5yTxSp3dGox0OQgbXudBN/iOzVBEZzVqAKCx+FtBe+gS5+UqsX2GTF01ZcRURXAYXp2NiLi6kgg+RF5TtucsNJL6md+1d/DWF/J8WDmbfglD+27KwQKwBvYiyBbg35b6y0qf9EjL8OMUnzokfUVDLHC9jsRTo1Ebu6mZiwCtuDbQhgov6m01wjhnLNVCVTinydOCV6he692aRvZhcEW0Ay2IY3vrcW6TTjGqqNUqOqU1BLFtLW5lr2tMxg8E6VQr1MpRbNRGQi5tZri/noDbWaXA/DYBQL2vflzMmeNKLT5R0wfeFM7mlfMShQMQUJ8PoxW1zqBfnPbvy7NTem3hUMXtZNb6K175h5D5iePFcWEdKdMoKrpUNPOTa6gXuoIJGovbae9HHE1AjBQCoKuHW1RvFnVU+LwgA3/F5GdOFClIVCctNFdB3fc1qhKNT7zw1GpWJzHI2W4vuCemlxRXuwCxTP4FK3uC2gtpp6nScVcKHIuqEHR8y3JW2gHztvJbqTba3OAQMHw3u6dKmtWqwTdnYM1TT7bEfPS209W6IQSDY8/l5G0mldLWkRMMiM7KiguczsAAWIFrseZsANYBA4lhy9WjeitREzt3haxpsAuUqn2ibsL8recj4niKClVqLmsoe91ZblbjQMBcX2Ox5SVVx1MEA1aYZyRTGYeLKNQov4iOdpnu12L8KUQdXOZj+FddfU2+s43jk06Kr3t0V8/wUfZnM2KpLyRGv5lxr/PKfTuyVUHDhBe9NmQg+tx8rETC9lMJZ6b21YZz/wARNvoF95r+yDqz4gobqWXXqQXBP0kIyyk/U2+0pxcmaiczicyR5QiIgHk6BgQwBB0IOo9ph+3nClp4V2S+XMt16a8j0m7lN2rwve4Sqv4f139ryEoKWG1yi/SyUbot+qKbhTK9GjVtmdafh15lQDYXtc2tfzPUyelWr3OY0077KT3YqHLfWw73Je22uX3mb7J1XqYMrTKiqmZBnuQDuCwFiQL7XG0sq+KrGpVFB1d6dNR3TIyKajEnMa1j9kfAvXU6i1p3WQ23NfNluhOw0fwltyPMA/I/nJjSHTxP9zuypzFc5NjlGoFs21/KetCpcsCwYg7D7N9gRfeDMQsCO7qNTBqVA5d2qO6kISRlphbggW2sLWXU3OvTjBrFqIoDQ1R3huBamFYnQg3ucosNdeW8kVeEUu7qqq5O+uajocrMSLE59720HTlI7GoVSnQemnd1EWoDd7IovkGulQjJqdg19dLge9WomHFWvUqEU7BmvqECixIAF7Hcz1/qGqo6rmpNeyOQpvoCGUX1GtrG2xkSnSWlTq56zMru7Zqlm7vO2iDQXRSbAHlYXtaeeGoJWNNXqF6uGdSXUhcz92QcyKdAQxOX0gEruXpnJQCqzOtSo7KxRrsBUtY+GoQLjlc311k7EYrIpIUsR9lbXPpcgTsTKrHYAGnUy1KqlmDXpucykEHwXuADbUbG56zgJVTidPvBRLDvShqBDe5UGxI5Gx5T0R7Cw9pAxNSmrUs7hWYlUBNixKkkAdbAn5TzTFolIur5kQN4i2b4SQRm6ggj5SROuLlJJGG45xApjKjoneMXRAL2GgAJLWO1+nKX+C4pasqVSiFriiA5Jey3e6ZQBbTrM5gCzt3hFy5Lm5+8Sfyt7S/oU0ANSplGQHxtYZV0uc3ISOTVrl/kx6YX8IvcXRNQBqfd96pAzuuayllLgWNwSB72nlTwlGive1u6SlSYvTbYUwwyk5jzbMdtNQJ4cOWkveU8M1NiuZ6lMNds9Q5rubkrfXcflaXmHoKFsVUXUKQBpYXsPQXM6YjrXqMMuRQwIJve3LTlrfrIvDeIE0qTVqlLOxCMUbwF9QUQk3JuCLb6T3x9NPAXcoEcFbOVBJ8IUgGzA5vhPO0gNwVUFNKa01oIpIpZARnzKyODyKkMepLXvecBdO1hK/HPVDqKaoUKvnYk3VrDJZftA+K+vSemGrOEQVCuewzZb5Sba2vrb1lXiGNdlenUqU0R8xYEAOUZkam9Nlvk0OunIg8504lk6YfEqVfvKeXunIzsgCmyqxdPw3Yi/wCEzH4uq1V6lVtM5yoOYQc7elz85acc4n339ukf7QPiYbOR9kdVHPrtOnCsN3lQk7JZQPM6n9PcymyX7T6XQULTVuyfb/CLjDMKNJqh0yp9bWA/KTf+jKgFwzWBChlQX3OVRcn5sZVdpgWp06CeJ6jWVBubA6+g/abTs3w44fDpTb4gLt/kd9efS/lGMSSXSR5OrW7E2+W3wW0REsMRzERAE8qtMMpB2IIPzFp6ziAfKeD1f6bG1KbaLUJHoyk6e+b3E1wxDLUY1GprT+xrqbC7E300125C8rO1nZipWqZ6A1PjBvazC1xflff1nhwfEUsUO6xdJDWp5lZXUE2IysQCNLg2NuvSci/B62rjHUQjbB5eFleV8zUYastRFqIQVYAqw1BB2IPMSLiWpUQ1RilPO65nsAXY2Vbm12J8KjnsJLsFWyCwA0A0GmwHSRxikd3pixankLAjbMLr+X0kzyGjtxHGGnSeoqNUKqSKa2uxHIec8cCaWaqKeTPnvUta+cots3nkyfK08KfDlpioyuwNSp3jsWv0FhfRVsALDkPnO+FwpKvnVEepfMaZ3FsqtmIF2y5dxpa2toB743Dip3bNUZAjhiFIAe4Iytcarcg2FtQJGo1KaV62WmUfJTZ6uSwqAZgBn+0VsRblcT1p8KpDDph3BqU1VF8ZuTktZi33rgG4trqLSTiXIRii52Cmy3AzHpc6C/nAI2FrvULVFdHoOiPSK3zag3udip8JB31a/KdMZiqqU89OmXclB3eYCwLAMbnTwgk+dp1ehUV6Ao5EpKWFRNvDkOUIALCzZfleelWtlZywKqq3LkjLYC556W5kwEjisHNVTlpmmFNyb5w1xbLpbKRe+x2ma7Z4wsUwlPVnILAdL6D1J/mss+KcWWhTNV3Vs9zTCjcEaDc39fOQ+w3CnrVmxdfUg6f5EaD0UH3I6SLeOD1NJWqoO+XS6+b8FJicJUwFfJidabm9OqAcuo+A9CP9zV4ZENO5XMtr2tmvbXQc+U1mMwVOshSqiuh3VhcfzznzPjGDr8NrHuA7YdrZAzFgDbVfLW9huRzveRyo99FW+GoXxPEvwzULWWm1Jajf3Kt1FksWyqWJNvhAA5nmBzkq5tYHTS0x6drzVQpUovYjKxpOcwuLbaMvrJWG45Qp0xTSlXCgAAd25Onmf3k00+iL0FvhZ+jTNCWtUOZ7hrZUNtCoubddr/KeqOCzAZtLDUEDa/hPPflMbhOMpSUrh8JUtcsMwyi7bm5uYrcWxlQEXSkp+6Mze+0ZRZD2Za+8L6s02Kx9HDJ/cqBdSQCSSbknQbmZbiPE6mLuutOjfbZn/wAui+UhJhADmYl3++5ufrtPb5gSLkz06NLTRyuX6+n0OpOoSmLeQ0yjr8pMoYxaS5KfibryBP5mQWqX0TS+7Sdw3BXYWR3sRfKCTv8AQnXeVyaXJfc4uGZdL8m47M4G1NatRR3rrctbUKSSqg8ha1/OX08qHwr4cug8OmnlpppPWWny85OUmxOYiCIiIgCIiAcTP9oezq4iz027uunwVB/7W6r+XuDoInSddkq3mLwzBYXtA9FxQxymnU2D/YcdQ38+W0l8WW/dGnTaqRVpnwVFSw1BdiT4kUEnKL3NvWabiHDqVdMlZFdehG3mDuD5iZHHdlq+HGbAVWK86L2YfIm2nlv6zmTW3Tdz+mX4/wCEviTKUek1M1LoSadtHG2Uk6a32Mm0WAXKgHhAAHIWtp7TMntJVpEJisM9P8S7H5NY+15wnGMCai1c5RkZm1DrcumVswtZtLb/AHR0nckHorO48r5cl3jeICnVpq4srqQKhYBc+ZAqW5s2Ykf4mdeHcNSnlannXIj01RnLDxOGzG9yWJG5OzGVWI47gCAGqIwDh7EMbMGzBhpuDrOKnbPD7UhUqHoqH9bRlCOhuf7f6LymxurVE8YW1wTYZiLgddhIvG+NUqIuzFnIIWmupb5ettZDwxx2LICp/TUyL53XM1vIaC5vpNDwnsrQw7ZwGqVN+8qHM1/LkPaMklXVS/jeX6L+2ZLh3ZrE4yotbEju1t4VP2R+FOvmbfOfQsFhVpItNBZVFh+58zvJU4EjjnJVqNVO7CfCXSXSOZ51qKupV1DA7gi49p6xOmcwfHuyIW70kZ1+6NWX01uw8tT6zNVKeQWDWtpZwyn9NZ9gnFpQ6FnKeC+u91nxB8cVNmp6feDgj89PnJuGWs9smGrsDsQhI/8ANt9Z9gyDoPadpOMGu2av/QeMKKMDw7spWcBqpFMH7PxN87HKPcy5TsbQy2qZnPXMy/RT+800SeDNPVWSfePoYbC9iSKrM72pXuqK7M2w0LlRzub72085sMLhUpKFpqFA5D8ydyfMyTEKKRCy6dmNzzg5iInSoREQBERAEREAREQBERAOrKDuLyLU4dSb4qVM+qKf0kuIOptdEAcIoDajS/8ATX9pKp4dF2VR6ACesQdc5PticxEERERAEREAREQBERAEREAREQBERAEREAREQBERAEREAREQBERAEREAREQBERAEREAREQBERAEREAREQBERAEREAREQBERAEREAREQBERAEREAREQBERAEREAREQBERAEREAREQBERAEREAREQBERAEREAREQBERAEREAREQBERAEREAREQBERAEREAREQBERAEREA//9k='),
(13, 'Chôm chôm 2', NULL, 1200, 2500, 2, 1, 2, 4, 'data:image/jpeg;base64,/9j/4AAQSkZJRgABAQAAAQABAAD/2wCEAAkGBxMTEhUTExMWFhUXGCAYGBgYGSAeHhogHxsaIRsbHxodHSggISAlISAaITEhJSkrLi4uGx8zODMtNygtLisBCgoKDg0OGxAQGy0mICY1LS0wLS8wLS8tMi0tLS0tLS8vLy8tLS8vLS8vLS0tLS0tLS0tLS8tLS0tLS0tLS0tLf/AABEIALEBHAMBIgACEQEDEQH/xAAcAAACAwEBAQEAAAAAAAAAAAAEBQIDBgABBwj/xABGEAACAQIEBQIDBAkCAwYHAQABAhEDIQAEEjEFIkFRYRNxMoGRBkKhsRQjM1JicoLB0bLwNHPhFUNTdIPxBySSorTCw7P/xAAaAQADAQEBAQAAAAAAAAAAAAADBAUCAQYA/8QAOxEAAQIEAwYEBQAKAgMAAAAAAQIRAAMhMRJBUQRhcYGR8BOhscEiMtHh8QUzNEJDUnKCsrMUI3OS8v/aAAwDAQACEQMRAD8AVU+Fh6XqaYQC4AvY3Hg4PynFAlNqZpqtxogCIgWNiSZm84Ch/wBaNbK3bo0RDEdJtOKKdM1VJFzuQOkeO2IKi57zj3QkpnH/ALgGA5fR6ipFuME5et6lXQ8Mv7p7Exj3ija5SmbIbLtq3ufyHYDzgKmNDB9PPMT4mTgzN0waYYNzMd+ke/ffGXw8IyNmlyplRTIAE1DjEaZDM6kkuXhXVf8AWEqb6d+/c+fHTEchXemWCK1Z2Fl6X3ZvGGX6PrA1CwGkGYHzOK6uXWDT9TQuxCrJY+SdIJ8XGChQsYxtkhGAywHfQE/4j1pvhDn8sC7uRUrObClQBbT2DVACoA/dQH3wiXKFDNXLtTEGAwYSek6tx7Y3WapsqKqrUeBIasVRPaF0n6k4zucytcGamYTTUU8qsWUDtKroPyJIw3LXoacfp7jnHj58pUuYxHp7E96xmqmZYMW1Ge4t9I2HjE8mtR3GhWLTIj85O3vhpmj6MLTTnPxVIk32VQduknc4EZa7iRqfuYk/hhjGGo3OBFoaZ6rVBWnSABcBddNNybEB4hVP8MWN8UVM6KOmnSJqPTkM5+GTOoKu5FyJJv2xCnk8xTio4SkQZBdgrN/TMn54qfLKCC0c02Uz17/5wIYbUIHfbQeVKSpVOzp0/MMsrmVZxVqNrqRaVMhgNyxMQDNhizhNQkzohQ4Mje0iRPvOI5DKnWAEMFQVEQWO0fPDDMJ6TGmkFt9IaY8TgC1AUEX9j2WUgpCjW7EVpSzaxZRy9M5hyfvan0dgATE+8D54HoQarLDAHdojmnp4wxy1NQ4drcrT8lkziGSIcAwRv8rWP5YAVxTlSkpnlD2CSL0HxA8z9soX5yky6dMEbHqcLKVbSebWFB3X4vxw2qZcirJnR43wLxXhrU5UMx1ERHYify6YLLKbGAbak4iAmrHoGHuKam8EUOJlkhSWiSGIVX7wRqN41e8Yf8P4xTzKL6oh0IlhujD4agPY9e3kG2W+z/C//mk1JqogNreCVQBSTcWm0Qe5w04BxACqaNFnos0wKbs9JyJvoMkSBMyRG4xmbJQpwkWq4yd355sRxjysyUCvB9hXqG5RpOLA0qpUAnUAWPSb2HtJtOBaVVtRXSBqBX/G/fb54nk3eopNaBW62IHut/wGCazLUAEcw3I8Hfb3wozBj1v5x6TYZKTIQCk5KxUoReoNiRa3GrU5QcpIJhbG23UW3n5Y7P5T9WKqnmB5Y7/9R0xZnXCuhRfiBDX32g+D/wBMWU/TSmqNuzRM2vtPaO/nGbVhoJIStS7EvbLlo172d7wPUYVVmNJYXUdCOo9wf/txRlUZQFJHJcE7wennphyuTUaiRGm4E3BG+AMrnNdV9SqVEEDY2Mkz4tbHErocMax4QVSkv0zrmQCGs5zbOoWWBIamZ3J8GY/x+GKFSqlMU6JYGo5DFd4BMjGgXMUSWqUiRcKS0aTsTYQbWvjO56oKRLVLPJ2mAenuMMy1nIV3wLxxMGFCSN6hlnaprSm6ziPcw7UyuWyyqqsDrY3quYvJi3WJ/DAbUs1lkNX9YixLFnO2wlBeDO5jrhnU4yGQt6OtlGmoFJWoybSrLzFlMCD0I7HFtTOhKSsru1Itob1BJSYhKqm6ncatjY9cEdTvhFer+keY2xWElJQAHbNzTeLG4o7HWgS8Z4mwpNSrAstIBQWuyVP5oEgiR8sLvs41Wo7Mr6FQanabKO8j8sJ+PZotXrAEvrqah13JIFrG7RjR8Q/+XyFHLiAXJrV2HuNC+Y/sMNCWAilCfoINsk9SGCLHoPhc7sjxzvHuWqI1eigtSZhvu19299o6TgbM5gsSxgEHSOx3J+n98AcKo1Kn64AksdNJR1O0/wAq9TtiFWuXqhUMqp0g7Bifib5mT7AYz4bGKw2j4sT0IDDma8/bQwzqEojaoIkAEHFFPNaRGlP6t8dlz6gNAmXLmpTI6mIKEnuAI8jzhY9cqYPKR0ax+Yx94cfTNpSosT5+cb5aoYnm1cunV4tpF+x/PFVKloYjoeaO9vx74X0WenViOUzP8M9owVTrarydSsfaOn4YRKYty5QCiw/+hnzB8hSlK9Dk1THKPhIPSOv44toU2NNUB2A9+uGeX9EkeswpgLsDzP5CiSPeIwZlnVgf0dvSX4ddw53khipn+mMbw0enY0gE/bZchJWXLUerCrs4Brw4XhbQ4QzyzBwUUBJBgkkTuJ+G+FLcKT1X9Ws+raGWNI/qYflg/iNBCjItepUdT6rBgVbSojZrm7TPg4TrVqEqrI7BfhkSR4228d8aDixhIz1bQCpFa2YhiwrXK92e4JNIIrfZNakBa8jcTSb8xI9rjC6pwhqKFErhgSZp1l0A/wAraiJ+n54Y1eC1mUstd1WJNmkR7dMDNwXMCVXiImJ0M7qT7Bj+MYKCohsQ6Z9PpHnNuxAkFbkXo3oOnWFmdy9R1VTy1PgJnwRePGPeFcFegzVGswEU3IEKSRLgTMhZ0kgCSDjR8G4A6rqfVUqteVE6RI2BHa5PjB9fhalj6itoUCzMdJvsQBJ+fc74wrbEpdKTT14c4lr2lOXfCMVxVDC8w07qSrMzdyarC/ytivJ5VjBSSwvb8u2G/GaCity0hzDUa9VyyoLyFGoqI6CT2tiNeloAAdQpG0frG+UAwewEe++DmY4pFvZJ6CkBPzc2Heg8rwe2Zp0/TYHU6Kdo0gkzqJF2jYX6ecK6yEM1dpJ0yAO3gCMLCpJOsEXNhYx7DYeMM8krs2qYQ8oB6C/9pxhSGq8VtlCEnGQSdTlxFgAbAa84KGaVlUsNMwb9JG2Pc1UYEBIAt/v64WcUps8FTYxtv2wXWWSggtt/g/3+mB4GYxRO0VUDSgrZ6l4M/SEUkOTMEaNgY89jtb8MV5J2qufUIDPdWJifYdLflgavDFqigqATHWR2xTm2Vgj+roTTuQSxizBQN+1yPONpQMoS2mdgPik1yHsza8DQVpDfM8Nagic5WZkhyo5rxYwSL336dMRq8dFF9K6Kg+HWP3YIKkgSTfuYv3wyPDf0jIrTCProt6iUyeaot7GbFr/DNrd8W8F+zhozBp+so1FDGmgCbuxvcDbybTvgdD8Sqm3Z+ltY81LnIVMKlC1zz620+kRyJLJr9JkbfmkexA6jBHrF1EU5MaCZgWaZnpA3Pbzg2plKXM7s7Ku7tYE9kEyetyYxVlK6aXZVIEhUBM6iZNxsIjbzhVSgco9IucibL+FJKgU/EzVJYO6gSWLkFi1S1DHM2mnLAMQwjqB7TfAuYzqliGUmRY2+hGLOFO1RX9RYe4VhIAPTrGBqdFlJ1rLbhpt/jHCBmYfEt1AqKgQXooB3yNg2rVfVofUc6mkSRMAQdyOl/wAPpgOrk7SlmZSd7gTt9MC5/h7HlkepaQPu9Y7z0jBafqmDvcinHubR+E4HQWNYAkIAxSeQGdsv5a30tSAMnlyiMG2BJHz3/tivOP64UdIA1kfu77XmB88G6mqUxUYxDld9xAK/3+mM/VouXJvp7dJ74NLqTWNKUVoUpPzAqSNxfCQx3gHeMJiD+qmtEqU4ZSNKHnHYiwIMTeTtGKuB0K61tTn16FUGlUJ3Ej4XE99iJvF8XcTyD1M1+qOkhlct0WVVzftc4BqZqvSctQ2AIOgSbbkr1HuMNoBIw0cjoe/uI85OSZyCmrqAU7WeztS9iBk/Fxw3glLS1fQr1FDBec6X0mA46joDAPYGThI3EXr5ilSpkU00KatQ01kBE5mE6gvILARcxg2vUp/8VTbTKAPTGw51Ksg6LKsCNgffCXhbFTVrxK+mVIHeVIEeVEfI4MhRYk5W4/aJoUuYfDJo7bnzpS1zu5QbxzjRRajaiKjgoqarorCLiZslpO7PPSyPg6N6bVItqVR7wSY+R/EYW1i1SoS0lib+5xoMxW9HL6RfSKYP89UVHP8A9qoP6cNFIAwjvstDap7TTMFrDgEsPZ+MLuGFnuLmmZI/hJgn5T+OK8ytRmIcuSpK9TEE2nDPK1lo5n1gp0O8MndKiKWWPGo/QYp+0GTrU6xFMkqQGVgbMCLN8xBx8QHgiigykg9767gBGqXMU4kk8pvvMePOK8tmS5JRTpN1G5OLnypEhhB7NbbxgTM1XoyKXxj4Sf8AfbEoJBpHuFrUkYncNlnpnZrQdkyg1VXQGN+5MWUf5iwGBF4u5Adw6m8IjQAO03wvNJrFpqNEwvQ3+EDrhoByK1V6Qb9yoFDfUOGn5YMmW9RWI214FF1oroWfqQWP9JHAxN+IZhlJy73IuCEdr9UfTqNt13HnBWVbMtoNfLVCkQzGnSUr/EpYCetmBx2Q4gG/aIRSBBDI2oEgjlOpmKTIvgjiHEvXbUT6a6GYKaaFoBC6QxB0wxW4PWd8ZmKIOBvt0+tN8ef2qexCQMrmjbqFzuL0zOURrZoUWpOvpCjUXS59OmuomeUjWIaINgbicHnh1I0S2ZEqlUBV0CahnlUBSTYwZ6gmQMV1sjTLtQe9MaRcxzqQQ6/Mnrta846tVPxNcUgzgA3Y9I28Dr198JrJQAG13dG3+x3RDWshlNersz6HqW6QdxAlqYp0yAbahYE+AZ2G31OAqINOfUgKLAHtN7TJwDXqXFH0kZt5qsQR0OxB7ibk2wcOFqRPw1PhCK7EeILU5AsN9R84EJbIcmkJmWQmppeEefWkis9QrC81MHvHKEW4t+EzjK1Wr3JU0gYLEbmf3m+I+04+l8N+y5NWmcwQyoSzEkkAyIAB3I37e5jDGvwHKVHUKapemCBNQP1J1OI3BJI3Ata2HpM9CBd/fgK9TrFWRtAlUJf6tTfe7x8yzL06SikyNLKGJLQdzH3T22xRRzM8qoVWIJJmx6CwGNV9q/sdW1a0KMjCVpggODeVCzzDrIvcWxhqeZdCVKkEWZSCD8wb4alpC0OIr7PtSVBJUrjc9Q+vpTKGdGoVcLAgBSb7iRhoaoZ3ZZFNVZifmZAHksVHzPTCHhqKWRTKy1yNtO5jyL4vpZour050oTJ8AdJ69bY+UjpDkycVD4jp5/ZwMi9YtzeYX0xoZtOozPQ9I8Ef3w0+z1GmaK1Xpq7q7CnSmAxsSTJjSN4O5wizyhSlOeV1Vgxtv37f9cSy2bZNarLUqUMVNiTAk2vGqT4GOLlkoYdiFNvmEywEk+/DvfH0ZuI1kAVqtP1qssjIlqFK4RlsdVRrWJAuAPK/i3Fhl0NCmrFmeajCHYsBAXUxuwO7aSATYYC4ZxFq1QVyoZnZUGn7igJEjVaDFyOm22HGRpaoKsqE6z6mjVUCU59SoDcDUZAFtokkzhcApUEYbaUrY957oQ2chJY5cgDv3APYF8ozyZeqYeoGBPNDEnbbff6DrbFhpNVqKlRm1AggExHadMRh3xbiQpIOYirWWaYqNLpTv+sqEzzteBso2E4VVssmWRWPNWcSxMnTNwv8x3PbHVBq55dmPUSZ6JiEukE2Fepc1YG5zyuHNcl2bTssg7idpbtNoHvg4cVVFoErqldR91ciPNgMK6RSmqLcVKpDxuI2W31gecUJlazMRylFqEgkwE/ev5/thcpFjl36x2apKwEqokEuXqfhUhShwUaWt8INIYZWgVqO7OZqktM77kx2xfTptWqUlmVZhq+tz9MB5JmZ2uCiIzS3UgH8MeJxNqJDLEDlHS5Bv9Jxkgk7/tHZ61BK0S74aBmFQoUFxl0jyqbmjtIg3+9OoEHxcexOKeLynKYBIue23+/rgSm2rM6lAIZiwUkyNzHnxjqWqq+pSL1Vp3vIY3BHtggGEOTavfSAJWhCSpajiABLu+Jr9E4WGlBSEub4zUpsSh5uUMYnWFAAUz921x1gY0fEvRijU9FitVA+qkTqSBIMbGBKzvyjfCHiWRV0NSmLBmUj92JIPmVvhhwjNa0o0GEKKZpE7FC2qGHtq/HDCmAC0i1CLZeoanSIu0DwlpWmxJffS3EU00zg7PUVp0qRDLVR230wX1C8DoeV9SnoT2wl4jwgUqIqZYsUqOGAsSuy6CTP3pgnuN8dn39H0aH7hqM0mYJIgau8Ake+NHRz9NalMBFNOqov01LcGPO/vGNJUtw1XfgwJ/MS3mFQUmrv0ct9oA419lxqYKyh1p2aAuo/xx1K2kAYQorZkV8rVVKVVP1ysAFHItw5F2Gkkhr413C64evWesJAeIjaFjbwI/HC2qtAvVqcq6Uehy/utq0kTJnQb9No6Y4JmFwKtbUfbdA0rWRguBUdYR8SyZpZcGQ7KTpZTIMg3B6kAm38IxTwXjFUUlX0adULZTU3Ub6R4kk/1HGlyXDHekWqgBdJCU9lA0j0wCJNt5tue+F3BeCUKy1G01FAqMo9NyAQIvBO8zta2Np2pIBC9coIJ+Ki8vvF5q5irT+IsVFxY1FEe2oiPfC7LZgBBct92TEz58YEp1mRmYzykjyG7gj64u/T3nnT1G3JWNZ7GV39yCcaKKR65G04BjQKbh92y0rF3D6NaqdKksS1gLRPfsPfB/Bcgq1axzNIqKS6hrB0LzQWb9476R1PtgzLemqhqgQOQCQlMVGTUJU1GZlCkiLBR5vh5n+HZiplShPqFW1AVKQQOsAAwCeYDYgi1rb4WmzUszsDR235G3nnuMS9r28KQEAsDmX9ag9cwTCfgucy2dqvSFL0qgBamyyA4H3WExMX83HbDqrwmnpYQSHBYk3DDSikC9tlax6DzjEZOjUymYRlRgCDUQGQylbwGPQ+eh+Z+kcNzAqU2amBpha1O9tLfEny2+WB7VLYAyy44v53yiNtbuCm3v1JygfPZQVGAiGVkaR2Di/t38McF5PhwZHFRQVClCCJvNj8oGJfpKq9N0ExKMvgi4+WL6nEQFqEBucyCbbWP0372wDCQMRyf7erRuX+i9oMv4kkAW99++MzxvhTaxWpMBUSsTETqX1DyH+kkbHf541KVahd/uhSFVZ3MAliNgBsPM9sU1skxTUhFUTLEbrvMr/fEadY6iRtEDxH+5wvMUsCo4cD9ICvZnDpyJG8U0uDkHgbNZGu5SmhZF++8zEnmuTJIHc7nBubphUWnQ000XqblhHMxJEMfkeuI0qgOlFqIpY2mbDx0O873nFPHSBWQU0d2WBqOwHWb3Y7+2CIxYdAeDnM9PWzxjwyFfEGgV8nUaBTqVKivIOkBdPLvJZSvuom2M19pKNHTOZNRqiIFerTprBIsDqZ1JN7kqOuJcYp182pXKVFNAORUqDUGTYhbgSpEGVkEjpbEESor0k9JqzTAqV6lMOoa3KtQEm14I6DfDiAJTWfS3mc/M6WgsuYZRdJr5+ftXdGWYBaZekQ/pKefYR6ghtJ6nUoj3wsavyG27KbDYhXsJ6GR9MOvtFm3XMehVYVNJNMsAAxBcFJAgWhTH8RGFdDKB/UWbpS1j3R1BHzBP4YpyziAJ78hDwnuHJ0+vrDCtkBVpU21DVoA+QISQOpDFLecA/pbO7JTj9bpolm3IJXmJG0lZPgnBHEToNGmN0p1alv4izJ+IU/MYV18uxr1KaXPqwo7nVAH1MfPHyAFBu7xmfOStdBYdWYE9RG6TMJQT9GywIUMqNUgFqtRrLbos7e3zwVleP+gquAlRKWXqTVIjU3q1FCL0GpriZt9cI+BZ2n675dyNYaEYEadS+osA2mzkAnfSMDcByjmg5qgRQbTTpsTHqNElhN9O4Hk4XEpnSTpU5v3yekLsVfD3V/OGXB6VfNVv0+uo00wpYkEA6QFWAd9pjaZwTlic3WZnJWjTBdj2v07uxIAnqcFnNuq0aAIKU1FavUNlkiTB2gKdIHQeTgLhvFESk5RCMsLIIOqqyyLnoDqM/L2xjElZcfgZfjSK+yTUhyCBQAa3Y8Dchtwg/g6h63rNFOkgYrN4C2Uk/zQPJ2wFxjPNK0qYKUgNQ/eqHq7nueg2A2xdR9WvUp0lACVUpmVFpiKi/0v6lv84Lo5NXrBwC6IkiSILJK6DG8Mtx2OAAtU9/f0gw2lAmpmKsA6U8Hb+9yoDhq5iilXKNSpkAFiqtYatNQ7H3B+mKuNq5UIqgMCXZQLlFJUGP/AKj7QeuA8rVD1EfWWYa8xVJ3kEkD6KDH8cYH4pnKr5h6qmWp1CT/AC6oFuwsIwTw695U9xBpk9S5ooLFxqUlqHniD3wgNVidw2uRSp1FiKVVWeNyki/yMqfdcOMxkhTSotMfrSalRbzI5qaP9CWHkDAOfzyJUpBKdqyGoBMq+uz0j4gRHSx3wqbioFcV6LEimNDLflQGAY+9G/ywIyyo4hx6Gg0udYlzlLnHGmxDtn8J+U53JI3KYVTWPCQRQZGYI/6QoXVIuKZIH4/TETqZq2iRWoSroQBqEAM4A6gxBPSDgj7RUC+X0qBCVFZWkQFKGxY7hSSAd4AwA2bekxqvdWy/puREPU0soB72Iv4wcHFUCrn8c6juikyf4jkav5DvoWiiuuutWZgQCVqbfy6o6EzOHX/aSl6dFVWnTVb8oLWgSSetjYYV8DzArMtJUPKpLVWaIAEsxUDTpF4FztfA1DhiBmcVDVsYldPziemCFKflWLW007eGJMjxAEYSSM8hoc+T1bLOGeWza6mekGXUTIZp2+8T7bjHvCKGoxUUiYdJsGOodY2EbdcBZXLMKWtlIXWFJ6GenvGCc5WY1CzH49h0VQbAeLRjCktQZ550+8MnYChLNTM57hr1NuMMs9xV6tMrquVgE9CLEk9hfp1HbFVPLVaaIlGpSRQuzTMkkkmTN5wKxTTqJJIYWQXaxsBsALf4OD6ebAmacHqGknYASSO0bWwFaXDNTSJ22bLhWUJFAbcvvGYr5wSKNSYAILzt2Mfei3WemK+F0qy5hVQFqiwQB95bEidoi8m2CeK5JX5kIkXYQNRG9h0YbdouO2B6ebqUlo16TBGCekTAPXZgQZUiDt3xQBCk089YOJuIEtaw9vfrG9yvC8z+kU6ho0QGqIj1QD6vpKFMmHKX06CQs7d8VfpJ9Gpma5ZWWqZ9J1dqHqQAxTURabq0bWGK+BcQZGeo1CpqQw4owqaT1EJBYEzZlJGx3Be8N4orpUJXTqcQDKteCOwg3PKTHc4mLUpABUH4emdx3qhMSsKrXhzturHoprmKI9T0qsiZiUf+MKeZD3Xp569l+DPl1C0SSuwWTYN0mNu0zGLOF8PUzob4pJbYCL6iAdIIG5AE4MzOf0IKSMC1hPW/f+La3T32ChYSDhBrlYce78aRV/RqFJThCXUbOKBP8x3A2oS9shAwy2lSSIfcqGkyL7RG1z2+eLFoVXAV2GnSXA2i03jFeVYVAwqLBWBKDSbmDHS87RfHgqAF0ufuB/3rmLdv84wZijfsRakz5i1FCh8YYmxYEBiK6HR+LPFXDcwyfrFPhRMbnrF5t+OHGVqI6lnUT96Jj5Xg/XCqpklRPj2ItfriK5pg/poVKxBta8DV3nAjfd5QvtuxjaFFUsVDVqLvQk0pccdKEpNCsarKCROkzsQe3gYCzdcs1RVJDwArKRIn4mBNhAtq89bDBdKFYBwrCCxgTHS8d/8AOKatRp00kUBo+6BJ36/LecEklqnK0CGyGeP+xLkDCGPwhrnjc2YP/NWD6arRyzqCw5SNSguwMWYAyzNI6/PCLhXDyqtpotREGXrw1V5F2OqVWdzb54sq1qj1CgeNJ5ypsv8ACNgWN/G++2EnFuIZ1q4FOnXVEEqE1BajfxOLaAO/k9cGCSv4SwHH1f3tlnEefsJlFiw4murm1OVchnC37VcMypqDMo+kgg1BuHIIh0N1v22MWxmslnQ1epUPKumI6BQy8vvA+s41XGjUC0mLUfVdZaq4lAOgpUYJJ6ltJmxtOKK+WyYdKVRn9StTFOo9NUpoG9SVYrNmkKDEC8kXOH5Kzhwlzk/f1fdC3yjP8RkqWbmoW3ZhZj3A5R7agPw6WJf2Y1LXNY706dWqCbgstNivz16Tg/gH2dqZvMmnRRgiGWNSxEGLkAiSQbCdjj679mf/AIfUMvrZpqvU+LV8AvsE2gdzJxRlpKjQQZKkJLrHKPhlDgdZ3006dRtIXVpUkyYsI7Ex4gnG44bw3N6aqVMvXsQyllJBZBAM78w6nxj7bl+HKogKAPAjEzlh2x8vZBMSyldIB43wt339I+H8TR/0YZYoyMnpUwzkhqszCgEQTqIkzb5YhntCClQW7KuikvRni7k9QCSfeMfaM5wxHjUoMGRI2PcecYH7R/YJAtSplpWsabogLHTLRJE/CY1CRA5sLTdhKQ4L/UgDvpG5c3DQdOgjIU836VH0ssZNRjRR5Mu5EVagHQRyg9p72s4ZxAU6YVbqwqusdqVN11R3dtRkQYAxRkeH6DQDchpZVgARBFWo1VWPuDp+owPwqmDSynp8zKlRGpzBcGpVDAHvDAx/EO2F14Ktl9D3uhxW0pKSlqm54Ds6DrEuIN6S1yokuiQo+5TKq8+ZIC+wfvgvhiAZmoWiwTV5SsoB/wDpJDfLC/N6FJFSuQooCgJXm5SQLT0FrTtiGT4smtaytC+j6FdPvaRZaq+QIP8AQR1xxiUv3l9I0raUtiqSXfowbgAGhnxDJj9SFBX0M2tNp+76hDAewLKPnjPmk9PMOzQoNVvT35hOwMRBBAufywzzXHWpnTVUPqZKgqJcOUABb5gU2kfugdcI8rnvi1srLcgTteQQNyR4+eNS0qDnL1qX84UC15/ly/vB3EeI6Yo6wVUsrFlldxoWBuVAEbbe+FNI1KrFiJg9ex6RsPli+nUVyW3ky4uurvcGD9ARjV10pppoqkLoUlhuSyht+oEgD2x1S/CADOe36w9sWyKUtIa756XObVbLPR4A4LSVRy2JBUjflaxBm18cOHVTJpwOeRb4ehBHntgnh4PqGkRMGA35W74Z06Ho1SJGowwk2JWBt4MYUXNIVHpESpaG1INGY03gb2BJuXekDCU1UGILAHUvQFl0t4kD6YU06XqOxYwAQF8afGGFHIMtRnJ3mZ6zi2tl1FIuBe41dLCTHeMdSoPd7VjUqR4aAZxBUT1LUbzIzuTAFPM+hzQHidIG0+cBNw7M1/1rVdOrYF9FvCxYb4a0abeiEp09RMMPEbHe53+uE+ZrcxDsdQsRO0dMGSTk3R4Q2uTZLtwqa5kDUvfIDlGnUbZOQncQDH8pIMYhkUCVkNT9lrGtYkFQZIIIg4eNlhAKxf4R5IiPfHmYyK1H9NBvck7Dv/jfeBj4TenpE5ezolBlm/oc9e+MUH7Q5kBWVaJU83PZRciBzALEAQO2H2aQV6dJ25C2krD32GzbXgxvMbHBGbq0MrSFBUVlIBGoSCSoYnSfeevxDA/p+kpYenULBGVGGkQbzvEgAARG+FsQNUhqljrEuTL8Q4UBtN9fIVrDrhFc6HQsF1nTchjAExdBYne33cSamFqIdMmQwgADcGSept4wLlaYqUpJ9I6iSuqSwhI0yRq6iJ64tq50aAFpllFpHMwMX1EG23sd5OFlOD7DunWLUkKkLIHxXCkimoFSxdTWCySAQahjb6a0vUOrXrYBd7TqMERYwpGK2qkgLKaZ1G4k77fhgRM4SD1G/W31GKMpkzrLSfkL+IxwjOKfhzAhSlLCSSKlz+6AGYJOLexFyN7LOI1Q2Nun5i3e2LFyGowCAxWY77bYgMyi9Pi2noSP9/XEMnTlwz1BaSoUmZ/IY4xgpmzBKGGhDUatdR621DXhnk6bU6I0gMxPMTN5MXPb2wvrVeZtSm2/QewwZUzbGy2vJnbxEYEzuvTqPxt0AgfIjfGUpB0fvsQJARMUUkBzW7XO6mRalKHSFHF83mn0U8sCknmqAxAv9767XxOjUq0VCGqxqE2Zi0tf32kkxPbC3O51gNLPoU7lZJjtvN/GCuE+npZKdJmBUt+ua2pQTpFMXg328b4fQAEuwYdu/taJ22yEySVBKUjiTncBnPMH3FOfoUzUNRy1SssljyoxH3bAMWK9DAO04EynBKGarUwqOjKsaSwIi8VCumSQSLGJgecMWqGpyNRHLBKhGBCNYEAmY1SJBtIxs/s3wYUSfhJFgQZIAJgE3vEWwzJKlKCa995c4kqly8GLETpp6vnmM4ecG4YlJQFA7kxuepPnD6imBMuMH0hi2lISlhE5RrF+nEXXE1OPHxgGOQK4wHmKeDnGB6uDJj4R88+2/CNQFVV1MsgjaQYJ+YIVh1kY+NZz1aVS+kc5cA9DaSDuJgTHjH6M4pRkHHzf7WcMoBGZxc38e8fXEnaSmTMdqH17vFPY5SZ3w55H6x81Pq1/WLsWZE9TmMmAyggE+CD8sK56Y02XZIYhDL0yiqYUEagWgzvuIHfCavUJtoCDpb6364Mlb0aMTEYFYb6dloMTMsMoFn/viN7hdI1AeCSMA5egSwHfbFtN1hFChhJJEkXIAMR0sMM0YJBKEKPft3IxgnAC2ZMG2WSFF1FhfvlBvB6FNWKNeACY89OuGmWd2PKY2AO+lRsBMna074U5fLPrRxct8Q79hjVZLIaD6jHSAdJUGSWBnl8RuTt8xifPWBF1K5SFJTNTrhz4UGdg/mA5i1G0lWEa5noPn3nA+eojX6xJJ6f4x7nslY1yxJYSBHToSPywT9n6bGm71BOkSoJje3k9emFMsQhsbSlMtUxKKigzGJ2CQbsFHRnxVMD5d13uQf3ifwwJxDiJappgESFCqIVF7KO0dfOLM2x1BoUKDIC327kknEKOofrCCADYsJEke3nBE2eClKJzKWliHatbgm1ASwdnLUJqRFXFX1EIhYJ0JtB98KuJV1ZhqN1UKTuTHUn8PkMFcQzk/c5ZvH9v84t9LLdfWXwoQj3BIBwZ8IBIfhCm3eGpdUktp52IPnBeVdCyqNSw0nVba/0wJlc4zNUpsxWk5ksSBpAk3m/awIv+A+lhWBEx0LCRtcx47e2DanC0qaqtRm0yaaqkFnYRJDGwABFzO8Y0EI6xA2iaJqviLlgPN+R3DSDsrUp1tC1Aroo0hzpJAgaRqWqZNjaCDI2jBWZr5ZERQaoKAqsjcXIDXawJtsRttbFWQ4LroU2o1K9NVkhX0EttaYHmDGwPjEqmYqzznLommHQFyT5237m2BWLeWf04xnY0KVMAckA2H1Ft7GvnADZg6VAaF6HpY+cMxlyoWpTYwRzEWvNxa46fXAFDJU511JKH4QGJZvaZgeT8gcNMrWSmjGYUsoZZmLNt3Nje1x2xhbZR6lU5KEgoGbNkXcYb1Ll8wCGJjsspLMWO15YyTtyyffFDhlcknr+WLaoJYloIFwV2IPX54DzeqoJpmCpkg7x3E9MCDGjwaXtMpaAsM1KDDR6AFiwNavYR5nK7iSDLHYzt/wBcE5WdEszNa57/AD2E9vGPEKBec9ZgeN74raDE3j4QRbHWDQwZEt/hSAoWIAHp3ycQa3Etubl02m21hY448UYqJUEbjm/GcA16qgySDKxBG15t+eLatQVEGiR0O/eJM/TGmasAWlEvCZjPmpmal62clmzc6R4may7uDVOiTAmD/wDofrgrM0KRvHqAA71XnzClQpHsDjIV3rLU/VIjR1YrA+TEYKy+crBg9erTAVpA1J32inIBwyJTJxPWJO3IUqYyXJGturpfr1h/wNqwrBFGuk16bUwE0GGlDF9R/HSCOoxu+DwBAER5n8cYj/4fgJX9RriqeVSDEqSJC3hgdYt0jG2yxAYjpg0lhNCjeotwiJtJcNnrrUjtuLVjQ0GwZTfCqhUwUtTFtJBES1CsMg+PWbAS1Memrj7BGYud8DVWxFquB6lTGqCPoGzm2MvxZoRoRWIk3GNFm6ljjJcc4rTpq4eeYbjEf9JEFHMRR2BBM1IZ4+XVslVqVA9RWtGk616Gwgmw+WA8zwhtVyoQk6SzgfQT0OCxxGlM+mCZMFUUT2uZwdV4/U06KSU3i5VkU/MArB+WNgl4p7VK2fCSDXl5sHhRk8tmUlKJW4gmkykkeSDrA+gwwGQqo2mtBg9WF/JJM4qzfFzSqVBTNMyLMFEGRcDSIHN4E4AocRpK0mkWvN3tPsF/A4yQtQdvr6whsk3Atx+eNRGkyVRadRGXmVCjtp5tOlwTLDl2HfBNarVFSpp1FdRKstxzHefIjCNuInl1/BIAAcMFE3gAm8dcMP8AtJ6rFVcrRE6EAhVA2sLkm1z1PTCi5Zfvvu8WNnmTFTgoMb1yABpvKqmzBjekMKPEKj1dJkjsPpAHjbHvF6jTpR+nNNoPXAnDM66kvOx9uvTBqVQzy50oBL7BiAdh5JMePlgJASX7/MP45aEObAZCrNpfQCr20Ee1qBFNSSIMGW3F77ee2KqGZ1pUpj/uwCp9zGk9+sexxLiGZLMdQWRARB8IA+FR7CPffC3PBkIJ3C6mAsb/AAz53tj5CHvfI99OcLiYRLl4jW4Od916EAm2gJIeC0Nc0z8YBYDbUB8UdiN/rizMfauosLS/VIo0hQurYm5ZhJJwszNZqbJVve6t+BjF9bhQOlg6gMoYFgbgjff5e4OGghN196xP23AVETKgWBctrnuDGpFatSNTxTiIrPUQ6QKawqrGodCpAMBpgb4ryufo0sqmqQVqGZT1FbUQSCARFgNJN5B+S/ilEo/qKJ9RNx0vJU+QeuKEdmKhi1MmAWQkW7yOv98DKQzZd6P6R8nYMUqtCAcr6ZG/CNHWzVOuoHNRvyjQfr8Mf9euBa1Gj6cPFUqSdbg2vEBabqenWevfCyhxazqsKtgh6gqbmoSSWnuSbjbE8lm6VZnLsUVeZyqlVbe68xu22mO+BhJRWtO+vWEDLXKL1Au33DepgHiHEASVBvb4QwEezEkHDmiTUoEbAMGdmgL8LbeB2uebGazOapFmVKSIJswLTHc6rz8sFUOJQBzq6gRpIa4mwMgdh1wWZKLUHfp5xWTPK0pCGDMenSvEgDfk8pVyqi3xDfpE7jruMV5ZZOuDJ6Drj2nXp1FQ6osthePEWPXpbHJnURoIOmwRlN5AA1Qdx1v33wsxJNKw5L20LAKkfEbhqs7bnLNQGumUE1q5ZSAIK9OsHtbFFXm9O8FN/IMfkZwKK5ZhqEa4AnoZPXpiVasAZiIkNI27g47gs0OyVoWp6ULprVgCHrk5UfM3giuUgnr09sK/+0zSeViOt/zwdmqKNRcpBdL6T8Udf5gN57dsKa+VqtSLFOYLIW+siRfTuUi+rBUIBvC217fJIIVRqMfod3vWIVqhzDpAS45fUQEORYklSTcjcjFGdqGk3pPSpbAjSg0nVElTNxYCR+7gLL06kNpK6SLurqW6WN5A3tb540lOh6GVNMHVVUeogdYEGA6hTuL6r9b2nDlJYCREBe0HRh2zZ27EAZDMklCuv9W+s7ix0gqJY/T3x9Z4femHvMwZ83GPkmV44qAfpDlmHwhFA0/iB/v541v2U+0yuWV5UHmGuZJEf2nC08LSQsCghs7OiZJKUKGIVw55ZB+OcfR8tVtgxKmM9lc0DdTIwwp5rFCRtKVJBBiFMlEGGuvHjVMALmcc9fDXjCA+GYLNTFFWvgSrm8DPUZgSBYYBM2lKRUxsS48z2ascfN/ttxFCukkKehO35Ye8e40mhlX4vffz/wBMfMM9xXVV1MCY22t7SDfE1JVPm4shFyRJGzIxzKE0F+Zpl7tBmQ+y7VV1+qip3JCz7Fyqn5sMF0uAG9T1qIpLaXr0zuIuyFhJvYTgXJV1Y+pFLV/4mZL1I/pVSo+anHnEKRqENXz1Bo/dLGB2WmtMAfQDDit58oW2pEtDeGAxG8+RtwiPEaWVo/BUFapEnRBpqQLTKgsfkBa/nPLVkybn88GcRNGQKRdo3ZgFn+kEx8zgJZUggiRgiBTPnCKSRWHFStTRdKrzxdi2orPTYAHxBI74lSVlC3APS4Jj5H88LKQLsbAAKTAtt+ZJI+uGXAKYdnNSRTVZYjff4R/E1wMDmJwh4dlbRhYqJbn5c2hm1ZlRJI0ltURdo3JPUdB88Madak2uq7kCbU0B1MDtLTpURvud7YX8ay1WrUV6dIqpUKFEQgE6QxmFtfmIwBm6XoIwd0Z2sAh1BdiTq+Em0WJwsEJUzGu6GBtSVJISWJd2Y5h3NdL0OY3m1+Il2LvCk/CF2UCwA9gMQr1GNMKZ1udz+6mqfmSQfkcA5N6PphqjO2liNCi7zEDVsBbe57Yu4tndWZLmAKUBUUWEAQg8TMk+cEEpjhAt7W82jHipKB8NA3SpAGZtlTjFv2cqGq7ZY/A8kHfQ370du4HTDTiNZaC0aL/GlOGAhgCXcxPiY+WEFXJgVrGEqQVO3xCRB8G3zwbxvibKySC7GmCzR1ki/m2BT0gkVodKV4+zRN2zHiwvStPeNDRJ0gt8OrSR84x3FqegBU0sImZ77LInxg7iWV0FQBKltUdDYifpP0xGC7OsgAEbjYwDH0wuVtWPbT8SU/Bam97k62G49AXz1OhoBBMg9D53E4jwnibUGKShpODrV1mN4g2OqLAz1xpKrKUmUPa4I7b+Yxls1w9zTBAhvvg2+mCoUFOFWMKbVIRPlDw2PDTqeN8oBzhp6tTlQG2poSdNouxBv484rzOfSAlKmFHVpJJ8Tt9MV18oxYWJvsBJ87YLfgzX+HSYC1NQCKN2O5LMdtMTvbDaSkAOe++cQllUlTZwZwTOo0aiAyr1MBoMi/Q9MGBRVLNqQsrbKwaEi3wzsYFrfTGZamfUK0ULAbRLEgG5MbTb2we3F6qPzpSVgCCVQAkNEyQeae98DmSqumM+OsEKSai3r5mGwzKK/pVQ+kmzD4hPcNuOvg4lm80CWiqKmvflIk3ADA7G3SZ6dMKs3m1ZRoptqYhjzEyRFh1jwPGBqGSerV0bmqyqB5a5aewgme2MplC5gidqYA1BAI3DUjMORViHa0E5Djxy7k6WJEhbwVnv3tNu8e2IVqwaoGKlXjWhUkM0gGQ03MduxG+CK9QPTqMCpZQupurKCddt5Nj/AO2F7NyKyoSmpmI30jl79J64IgJd2Y28nhdc8rW54cr+vvDrK8RUK7SS7CBUYAwZjdRMxN269sWLmlSoozEpqpqysokNLH7sQCbkz3v4VZXMrVfTUQAMeUpYgQb+fxN8T4g+rMICSFgAA+JWPqJxzw2MZSnCXTfscuEM6nFzpr0wtOnUWIdaaroEnUS4EsdthF7Yz+frOlUEli5AMNdr7auxNjp6AjDU09BaqyiKaoAD/wB5WOpUB7hArv8A0+cVcP4eAtTN1X1OoJQdNYiGZusEgx1J6wcGSA1c4cMxQOHEb0q7C78WeNTw3j75emoYSzgEX27n8vxxoOF/aKm1NmqMAw2GxOMFxHh1Vjl1RGaKIEKCfuU5Nv5tUeDgWvw+vSpsKisrBfVg9QCQ1x2HN7YSXsyQo4C35aH5pkTVlMwfEz5PRIPTleucfU6f2go6Z1eIkY8fj1LVBNt98fK81UZYM8ppLVBPYiDH9QIx2dzLJ6Tgk6lDCe8kR+GPvCm/zHyjB2LZkuVP5ax9F4h9rqQU6FhunWfmcZfiP2mqspCNCtykDv08/P3xmM0+mrJBK6g09IJ/2MS4cyGpWSqG9OGnTZgFJMifvRtPXG/+OFHEqNp8GUShKbuK1qKv1ET+0FV6dQMDJGlvYxN/nP44E4ioaKw/Zv0idB6rHg/gRjSfa3JtSVEkugaos3II1EqNUQrhQAy7hoN8JODUKitFNVqI4kBxKsBuCOjAHpfqLYYQQEwiuf4pKyWSfJrHeMiGp0hfl+Vx6bAk2gAkEHoVIm/bBeayfpsRoILCRqtpB7eff88P6eToekK61XyfqOyCmw1hisatDL+sgSNweuEueyqjkSp6ukklgCImARDG97/PGSp1N9fxCBvQjvygXLohOl6iKCNo/OB/fFed4f8A+G1NvAMH6HBmUaiB6dRQSTsQQ3/vg9KTKp0g1VEiDpZk/pADyMZKyku7enfOFZysK3Bbjb89IzVMFFZXRuYgGRHKCSYPeQv0wdW1fDQEgwxIafYCTIO8iJ7WwPn21k6Q5A6AzHupEjEqC1KYj0j0YakYyfGDk0rfSCpJvBPDcgXb1GqVFBMcnxt1JJJACgRJO/bFXFQtRilIloLG+7SZt3jE69bUWQ1EgEgAmI+Si8HY4r4fRV21cxFPmhLMb9Pn88cr8xyhlAJfDn7VbpBdGtSoU0Hptrdp1M+wgDUAABvIvO2A8llz6ppvOonSrHqex9+/Qxh42RL6qjgB4PIpTUOsGZvfYj3IOLshnnqxTMU2PKXVQGINgdUSCLT4nADNYOK617flePgiZcWGff40ihcqTWpoZZKaorADcrE6f4oJHyxZTybAuGMkNa5sCAY+Uxi6twxk1ySxO47mIJHbri7IZ2mUH6Vlmq1BYNEnT90Ezcjv7YwZj2rBp2zTSrEA4NR3azRrOL5VSEemCdO4G3+/84TZCjU9VlCMQ3MbGx2M9um+DuGHTTgNNzBmx833xfka/wCkSzNBB+EdgfxN5jChzaPVgrQkMX3nLozirAO9qisDcYoFQKZbSJ2tJHa2FvE80LKiiQbzsO04dcRyiVJvBWCAASTA6D+5wuzBnRsikfE7BQbdPvGfAOOyk4mYPHxmHA61VatNbUc8iHhHmqKImtndgxutMQD1iT0HaMZivSBLMCyoTbVBY+LRP5Y1nFeG3TTUMaSTAMEydmaDEQJA6Yz+ey1xaJ/th2UoCkefmSMY8QPz/AhC47Ax5xFXI6nDWm4XllV7yGMn3G2I5rLgOwYSVuR3BjmB364bC3LRMKC7CI5bPPurEabxIAJ73wVms1mFVpa0aGizaW8jdTEedjgMcNYrrXmQiAR3/d/mibeMN8jz1drmmV0EWLCmBpI6cwBPyOBqwj4hlGWcEmBMlW1KaiiHWLD2Opr97W/mwTXrg0lqUzEMQV3C6r/SZEdnxLJ5emTro6kfTemb7RMTeRvBmRPtgag5TUAsK248f7/LGCQS/fekNS9nCxW/bWyI7exOb4jVSinozSLgBihgxFl1bx469cdXYv6ZIuKu/cBRJ+q4vy1NamgCwEG/t/nHlWSxHYAAfKP9++BggZaxQ/4YDEG7eWcN8jW10aLadZVqjkSBHKgQktyj78FrC+POPZb9QgSkzUqfNU9JWKF7gIrx0JYlz39sA5P9UR6irUECENxOomWBG4O0d/Jx5mePVqjvWerU0jlpqGIUd+Ucv4Y6CXcd6DzhFezrCnHbCvQ/d4s4jxio1NEptof0lOlCRLU9SvT3k8oRh30kdcAZDMemVq0Y9KRKnemT8VNj+60kKxtB7jF6cDZ1psfU1MdahQihBbQNTkcx3geDEnCzN0vSrMoWvRqFWLCoBcbnli4MHuDgiWqBXfCwmqSpwY0b5BKtEIrEpTDNTc/+C5htQ/eovEjoCxwqrZZnyFSmwiplqgLDrpJIJ9rzhh9nvtA61U9TQQ2wjSxa4NjY6gIM7gqNwCD69OhRzAam3qUKylCpO6m3pjrKm0G626YyZikmogqdqclKhcHz+4pxMJuDslejUosvMNubTPN0aCAbdRE9pw6HCxRrjNNEVEQJSMFmdlVTI7Brk9xhTmeHek8pXosiNBEpTKAxGtDBJ3FtU9O2GeTpipRQ0+c5arM3/Yl0ZwP5SNQnpOATpjJoezxZoBO2sqQlXI+bcKHK9YQZPOV6Fd39TUHqFK4JkE6iCWRhBg3kgjDfKZrTXSoFVKbUjzUwQjx8J0zCsLqQI3xA8PDZ7MZcrDVare2ksSlZZ6rYkSJGrAx4itLMVaCXpTHsQBfzYeDfBFnESB9KZfaByTjUkCluh+z8Y94lmFqH1ypCUAqoC3KSbwFiZBMm/QA4F4blF9N6rargiQCTLbQtgejST1EYMoU1rVaWXAITXLKfN3J23Fr9hi+tnKbZprkU1G+13bSsRsIIjsBj56YR2HjaEYy1vzANajqUu7A0VhPhuDueWJiDJ7WxdXoKKaAfrEaWAE9GKyp+6REzIG+GPF8lUFLL0QoqPzVGkCGVzpBa28KpJtAP0tzvCgcvQVqenSsBC8ESdRuPJ699sZS5UEpck5DhpTR3LUrSFJgYsqhz45wnrZMUzeoRqsKrFQ4Wx5WgkjoZg26dRa9TMHT6LBo6K8k+41Bvww5/RppVKlRFKrCrSmVmJloMkDfp/mec4mvpK6hRTpAKaaKo1uercp0KI6CTIxkULMCbd90jUpGYrCU5nLs6U69MF1+KpTGkE9pBuB3jDLI5LLgg0xociQZYCe0sxuPlgGn6VY3pmm+9rg/XfDDJZUcq3lZlR1NokH/d8cmKZLBx36R6HZNhpjdt9PMfRqUjqGSJZiVIaSRpAiZ6EdMFZHKCoWUtDITYD2M2G/42wVwinU9MoI1K1xsYboSekbYPztEIrCik1YHWIkb7SeuF1zC7CKyEMgAtajcOJI84VZrX6aVPU0gmCwNjJjm+f54bUsvTIBKAnyJ/EGDivMcMC0RoprzHUwZusXafET7eceZF8wilUjTM8wvsOnT2wJZBAIOsITpSkgIlKAVm9A1rvelhoaUeJyKZIIlXF4uR7YFo5inMqCT1C/Tt1xCm2lZm5tsZPSAfrgN6nOVVRJaCRuTFx8sFCRaKEvaUk4U3JIpoLkuQKEhJbOkE/aDiwICuDaxgQGAFlItPzwDSNCqoIY69tJER2xfWybOQheJvpgke8xFvfFVenSpgq7kMokBbkyYEHYbGZ+mNpZhrA/FkpH/WoBJ0+Y8Mz59Iq4nRq6QVfpB5Z+YwsZaoVVKeo43kbDvbDujnP1YFOmzkGSojVEXMbkeBgdsyNfxikACTynV58kn5YIkqTQiMzAgpUQ7jjTSleFHO4xnswabB5pAMBeAwv2+Lc7bYJzNXLU6gB9Vm0qdQFOLqCI1AnYxcj5YIzuWpshK08wwmSQUBY/vaQrbe9pwvqcO9e9AHWBLBoHcGSbA/nhtgbmIc5JUSQRTK3Z3R60AlqdQ1KLfGukB186drdxifDXqNmqVNH5mYKrE9+s7/ACwqbK1aRk2gxIII+o/LDDJkmGVGlSDy20ncQem0j2x8sBvxHUYVJb5SNbdnQ8tx75hXqluZmkHUxOo+f+mDMlWDalfuGA79r+xxNq5rBRVpUWqEDVUCMrlp66GAk9TafOIDJ+m5L0yhspB6eZIG84UUQaRS2TEpk4WN6szA/VhEnykOXFl2jp74qyDiPUWCRUMA7WiJ8YNFKVGsaW+Ez1va2Op+nSmQAAZN7HrtH98YC+sWDKCWYUryxfTOFtFi4Zjuz83t2xcaKaxrClVEKBcHzH0w04flBWYhSAzKSqkRPtffxgFeDFoCPLnZW5S563a0+JGCBTmEJykITg0vQ9TS3lvi4fZ+hm+epm6gc9Ckr+EwPbFedprlvTy9djUpD4Klz6U7FakfCeq9PGK8lkMyxIg0gisx51BYgcqQWtLRO1px7+lV6K+mlfMmuBOnSYeeuppGkdItv3wUORhJ+oiFPTJcpSa6kW4Z9QRwjO1KlKagBG8k3vHWcHUOMvTRQaa1EadYmJuCrBhzBhJ5h85wySpmK9q9FXgSCGo6gekaifxxTWyiUWHqVCurYV6QgGxjWkgEe2OqVkodK9GzhGavEWLcoFfLfpUtRUywK1UJErHNrmwIsTPecUcIzFSkroj6WDSCPa/5bY0XC8l6VcVtAaldWZTstQFTMHnp8wMG4tjOZ+nUp13R09NxAiZvAKkE7g/3xxDFOG4uN27lu+8dly3OA17t3k0aLLcQSsgqiFzSU3Qln2JWARq6ER1tfvhLxFENUOIkxqjqdMNH4fXEuDZZGZHe4LMpH8CrqafNwB7YO4tULNTAUAN+vMASS+pomNlWFA2tjAZCi3Y+0OSJQlzKCl+Qr3ygThaOjVGAJOhmsCTEEyALx8PyxOhwisQxKgiFYgmLRyX2J66SQcWtl6ioqlQi1gOVdyCwux3Mi4k7XgYZ8UzRZwYPp0mJHYtHMfJ2HgAY+KzXu0MeBjUAGbi7MS/MuQAM86Fimrh6szzIVpUr25VCsxHUKQT7jBmcokanLqHCaKIZjN/jcgA80QBPk4zGQz8aqhHNPXoOw/31w2qsKapVqOR6ihimxEyRY7DaPN4xkpao4de9LPAdp2MJIYuVe3pa5zaAmohVWmLkbATzsd7G28AT474IfhpVdLDmIBqELIQGy0kgS1Vjv2F+83cNptUYVQqoNXID1vEnqQNyTucdnuI+jlOQQ9VpV7Emficsf3riw2HaMZdR+EcPfp660EJlLKTJRej8TWuujNx0hXlMtSkqysGBvBtteDvPvhpRilUZ1YHWIB1bntJH+xhbkqFWsNBLKiS7FTEDdp7k7XnBHDMoVqgfcN4/dbt79wNsYmGpr33lHpdlwmZ4KrljSozNlClraGHVLJlqgqOIc7m8Rv7e1tziHEa4FUilGtWXXfcXt/fB+crrSdQ+qah1RuAIsPEf2wvzGXFLU4AItP8Aj3/xhaxrD6CkkrUfh0uC7auXdgAKaC8C50l2FQnTpOwPcQenS+GD8RpIF1o7ll1DSRYSQAfpPsRgb9HDhR13+m5wszVfSxGmfMY1hCuXKBTtjxl0rPFg/B2Iamn3JXfL+1PAmU/bj+b/APbHY7HU58D6mJUn97/xq9VQZnPiH/lv7DCSp+0qf0/3x7jsF2f5VcoX2X9plf0p/wBa4jS/ap7jDf7V/DT9v7Y7HYKm3SHtp/Xy+cJMt8J/5Tf62x2d/Zf+qn+g47HYMrLl6wjNuOI/zMCZr/vP5Rgjgn7JP+e//wCPjsdjS7jiI3tXzI4/WI5X7v8AV+eNH9pP2NL/AJA/1tjsdhZfzRR/jS+C/wDWIF4htT/5iYE+0fwP8sdjsCl/MIr7V+pmcPYwTw7dP5k/MY0P2i6/zt/qbHY7BhaEJ37Un+n3gPjH7ep/6n5VMZ9P2WV/5r/mMeY7Bsjx9jHlF5/2/wCK4zX2j/bfX/U2NZxn/gW/kX/U2PcdjU6yOIhRf6scRHv2V/YVv+Sv+ulgL7cf8VT/AOTS/IY7HY+/iHgfaKP8YcT6Jgbh/wALe9T8qeGOY/aUv/Lr/obHY7AJvzHgqGkfvcFekNOP/wDHf+oP7Yp4p8I9z/8Azx2OwNXzjvWGpP8AC4S/Qwqzf7X+of3wd9uP+Jb5fljsdhhFoLtH6z/29oa1vhH/AJMf/wCeYwh+1nw0P5j/AKaeOx2By/nEeeR+tV3nDT7Of8Nnf5f7NieS2of0f2x2OxhV+Y9DFb9Hftqv6k/6zDr7Qftaf8qf6VxGt/w3/qn8jjzHYRmXHERclfs+z/2e8VcK3P8AKfzwA+598djsdzgUv5RwT6GP/9k='),
(14, 'bánh bò', NULL, NULL, 12000, NULL, 78, NULL, NULL, 'https://encrypted-tbn0.gstatic.com/images?q=tbn:ANd9GcTz29JCjgQZRsDk-WRY9BfsSLFjlR8I2eEYsQ&usqp=CAU'),
(16, 'Banh kem', NULL, NULL, 200000, NULL, 20, NULL, NULL, 'data:image/jpeg;base64,/9j/4AAQSkZJRgABAQAAAQABAAD/2wCEAAoHCBUVFBcVFRUXGBcaGxwbGxsbGxobHhwgGhodHR4YGhsdICwkGyApHhsXJjYlKS4wMzQzGiI5PjkxPSwyMzABCwsLEA4QHhISHjIqJCoyMjQ0NDU0MjAyMjQyMjIyMjI0MDIyMjI0NDIyMjIyMjIyMjIyMjIyMjIyMjIyMjIyMv/AABEIAKgBLAMBIgACEQEDEQH/xAAcAAACAgMBAQAAAAAAAAAAAAADBAIFAAEGBwj/xAA/EAABAwIEAwQJAwMCBgMBAAABAAIRAyEEEjFBBVFhInGBkQYTMlKhscHR8BRC4Qcj8WKCFTNDcpKiJLLCFv/EABsBAAIDAQEBAAAAAAAAAAAAAAIDAAEEBQYH/8QALBEAAgIBBAEDAwMFAQAAAAAAAQIAEQMEEiExQQVRYRMiMkJxgRQjkcHwsf/aAAwDAQACEQMRAD8AucI6yacVEUmjQQtOTkFCjMjMCbhqZTLUgHwiDFkbJoMWwuOLSV/Wj3fis/Wt5H4It0rbGVooH61nXyWxi2c/gVN0qoZbhCGJZ7wUhVb7w8wpclSaxYHDmFJS5KmgthZC2ApclQLXlph1wTZ30I5qOKqkQBoZm0+CYcwHUTv/ACgYnDgtMCx1F/MEXB7kt7riGtXzK04V4MtgD3TMf7XC47jKK0VG6skb5SHSOosT4CVKiagkN/uAatJDajRzH7ag69nzTVMhwJJc3pEHuM6LKUo2Zp32InQfr1a4DxBAlVXD+FupU2skOiSSNyf4gK8rUrGJdyk3PQlc7icCKxFRlatScHAPaHu2IlhbPZMbi15us2T7Rz1NOP7jx3LEU+VkVjyJzHXleD/KiwTA2HMk/E6ozqNlycur8AcTo49OByTBF60907eCgMM57sogcydAOasP1LKLAA4uI5AXUTUNW6of9MWNLF30HjVsAkAE2179U0OEbveB3fylv173wRAvadvEo9N7namUvJqG5PUcNEVFMY5QwNJtw0E83X/hOgJNgsttqukNt3kn6C642RWytyf8mAyBRxHcyFUqCJOig2qWtdmcHbzliBER13uqjivEmU2tEkudZrWiS49AmLpwDtU3711AXcRdVJYjGB745fdHyS3S3Vc1wuo97nF7CyDEOIPlC6M4iG3XQTFQ2nxNGJm28yrxbesd0fBKUWOcYaC7uE+caJjFFpje9hr4JLhHpJVpn1ThTME6NLbSSd7mN91a4mYEr4jc2cIo+ZLG8KxRADKT4PtGW2HKJm/3TDcQaNPK5pD/AHDAPf2oAHeV0h4oNIXJ+kXDS97qtMEOdBcARJIGW2YiLTpzSMD48rhH4Hf7znut/dL3AubAy9vNcE2A7xzBm0qyFR/L4/yuZ4KCAHBrmW0JkySSQbneF0H6lyyZ12uQvIhowrqLOKGStuKG4r6Dc83MJUCVhWKSqkSokKRWipclSJCipwoqXLmlkLaxSSZC2CeZUC8f4UHVDy81LlxgVHe8fMrP1bh+4pYGdVLN0UuVGW42p73yKKOIvHI+CRkrFLkhn4lxcHhoBGwt5H6aI7MeKhkWNg8aEHYuadO/Q80mCh1sMHEOBLXt9l7dR0Ozm/6TZCy2IavXcjxb0kp4eoKbmPJygkiIvOkmTohniFKqRUpEEkDPsbaZgeV7qr4/QdVaxtRrRVb2WvBhjwT7IJ9k75T4E3XLOY6nUMEseCbaR91kzYfqKV6mnHk2sGnplB4KZXE8J9IhmyVbO2Ox+yY456Zsw7w0U3PcQHe0GiCSNYMm3JcdtG+7ZU6S6hSN1zoXViZA0kz1hTfgsxbG976LlOH+nWEmHMqsJ1Lsr2+bYPwXc8MxtKszNSe1zeh0+yDLhfF+Q4nUTWYyAMZg6fDMoMGTZOUcKRdMNWPrtaJcQBzJhZMjhuFgZM7HszDZKYh6WxPG8O32q1Id72j6pZvEadT/AJdSm+fce13yKztp8gBYqa/aZfqqTVxytUlpExIVczhdSoWuc0DITlcSQb7gD6q14ewF17wrM05KRgbZdTS2SuJS0eEhrQC4kjkBc+KI7BtNjP54K79UECpSTvrN4MBco6nOv4eWVGPBzNa9pIOog69UrU4Wxr84b1BHfN9zoPJdJVZYrkuMcW/TPbnvTdIn3XC/kR8lMWTMzbVPJH+ZMihluXFLqtVazZg6H57fnVU+O9IKVFgfUflkS1sS93/a3WOpgdVx/Ef6gVCf/j02Ux7zwKj+8A9lvdB70/T+l5sp3EUPmZHzJjG3ueltgaIBxNQWIaeRki3Uc15ThvTbGNfmdUDxu1zWgH/xAhddhPTzDFoNTOx27QMw7w7cJ+T0nOn40RBx6hD3xOycoEIhUHL1s4VSBUVtxUCVJKmyVolQc9DL1JdQhcoOeoOKlQoPfORsx3D5oWYKLJlhSTQms55ea0eqmcHUAzZHR3IKpXVvxNyFSvYkyeq22m46AnuBKLgMN6xxkw0XcVcevs0AjWI0i38LDq/UFwMFAszXptGco3E0JQuYRYgg9RHzWgSreu4POVwBtYjbvSQwFSYAtzkefNXpvUceVTu4I9zJn0T4yK5uLyslWb+EtH/Uv1bbToUB/DXAagmQOkHeT1hOTWYX6YRTaXKByImCnqeAeW5rDoZ+1lvD4Msqf3G6acj1HNNYrFOdJAaALCBYR81h1nqJQ1i5I/matNotwt4oeGFzHZ8ke664cuV4rwXMJZ2o0B9odA79w6G42Oy7OrXIaXPIBt8YAjpcKprtAPeq0PqBzOUyCj4/3L1WjGNdydeZ5rjcIWzM9Z2QaWAqYpzaLGl7wCWHkBqHHQN6nQ969IxPDhV7DqZJ22Pn5Kw4JwWng2HKMz3mSeg0A6fcrTrNSmJLBs+IrTYWduuPM4XCf0vrETWxFNnRodUM8j7I+KpuJ4LEcKxDclSQRma4AhrhoWuabSNxJsRzXsr5Ivvrvbp+brn+O4alXpOpVGuy5hBEAsdsQSDG48SFycXqbO39wWvR4nSbRjb9ncPwHjoxFBlUCCbOHJwsR3fdcB/U3GVHYljC52QU2kNm0lzpMbm3wXV4jA08Bh81AF1OQ6oXOc59wBLQ0ZQNCbDvXH+mpbWZTrsIcBLCRexu2/Q5vNFo8QXUb1/E2B8Ss9nFR7FXONTGExb6bg9ji1w3H15pdYu9OXPafQD0mZiQ5jzFbUjZwAiWru2CV8z8Oxr6NVlVhhzXAjw2PQr6Io46WgxEgGDtImF5n1LSpgyBx03j5nSwZC60exOK4z/VAMqOZh6TXtaSM7nQDG7QAZCrsL/VR+b+5QaRuWuv4Aj6rn/S70Sfh3ufSBfQJJBFywe6/oPe0XKhdbDpdM+MFQCJnbI6tRnvHBvSzDYsRTdlqR7DrO8OfguY9OeI+pa1zWgvLoYSJDSAZfBsSJEA2vOy8yp1nMcHNJDmmQQdDzC7rj3EmYrBtfYlxaD/AKagie4xm7wVnOhXDnV1HF8/EcmdnQrfNTg8RWc9xc9znONyXEknvJQlOrSLTBQ12JgIruYsWK5wXo7XqsD2tEHTMQCesKiwXsyAEz20oTnLT6h/LfyhPcmiZZjnobz1+ig48lYcL4eXf3Ht7AB1Htba+dxyQZcq4lLN0IePGXYKIHBYJ1QghvZm5kD4nXwTmN4UImmbixBOvUFO1KhaWtDSRGwsCNB0Q6T80ky0SbHX/cdtlw29UZm3LxXj3nVTQoFoxDCcLM5qgsNG8zyO0J9xN4idByAHIclLNfuCVYTDNjBk+Llz9TqnzAs3jx4mnDgTHwJqpXfcA5oBsGiLRqdY+Khh2UnmXsInXWR9xrdAxFdwJi4BFzsb/ZQ9fa/KTbcrPiz5MfKmPbCjiiI7xGoAwBkBoMCOXMxrfdJUC+pT/tjR0BxtI5z5+aZw1OQS8zewGkDRHqYmAAIFv8TyRrlZiS3chQKKWK08G8EZyO8Gfima1WGjLvN57pnkIQn1ndkTOoOh5R3apLE4jM0x5fygaiTxzL5j2Hqvc4AXvprp9PknmPyyL7WFx5rn+DYglhuO0Rc3hs7eKsf1UWBm/gItAKL8Ou5TCzJcQfmsDDgLAnqDr4JLE4UugjSOpvYXtbflK1XrZpMzJncZdhPgEfD1oa3exvfy66od5Fwgs1jabqoawmAIzHoBbxTYeyiBAJECSSJVXjOJZXtERYEjxTbCKrwDOQNkidydNLaX7la7q3GQgDg9Ryniw+YOm/f3JOvigXxI7IETPjEcswPgOSNTptBcGW56kadSTvogtwzCSTZ25NvLyS9xHzL2iHqVwAL6ibd+/iFWjD53QyeZ5R15lM47hhqZGg5Q0kmLnSwA87p7BYMUxlBJMyZgkiIAMWH8IlAqwagk1BVsPTDA002uER2gDIIgkz5eKoeM+i2Hq0y3L6guj/ldlkj2S9g7LvET1C6YMGs6Ai5G8a+SVr0D2S2C2Zt8+vcmJqHTlWMEor8MJ53if6auhxp4hpgCGuaQXOi4JHsie/VcrieAPpvLKlWix4MEOcWkd4LZXt1J2tiDyVZxfgOGxT2OrU3Pe0ZRBcy0zcjW5PmV0dP6sdxXJ18CZsuhG207nm3AcHTpPD3VcK6DN6gkRoQHCJXouE4g14kPa7/tc13xBXHekn9P6rXl+GAexzicgsWSRYSe0BPfAXCvaWOI0LTFjuDsR81sy6XDrfuDc/8AeJnGZ8I2lRPemVFScS9FMJXk+ryP96n2fNvsnyXmeB9JcTS9moXDk7tfHX4o2M4nRxLs1Vr6bz+5pzN03YdPBJ0/puTC3D8fEHJqFcdS24p6AVWSaL21BycWsd8TB+C571lfCVHMkNcLPbLXtI91wEtdqp0eBVH3puY9uzs7Gg+D3AjxCaoejLtatWmwdH03H/7hdVQQKY3/ABM5o9cfzNDiuFqCK2Hcw+9RdA8Kb5A8CFU4/wBV6x3qc/q/258ufQTmy21nRW+Mw1CkSGMZVAEh767L2n2KbgfCVS4qvndOVjdoYIHzKMADqUST3D8NxNOm/NUpCqIs0vcwAyIcS25i9raq6/8A6/EfsdSot2Y2kxw75eC4nvOyrsG8vAa6lSeBbMewf/JhE+IKfHBaZvcdAQ4DpJbJUK32IO6vM9YIUHlbL1mGZnqNbBMkSBrG/wAEZYAWYgKSallhuDtcwVHuc0FswMskncHYdCFYB8AAaCy24ECAIaBAGwAQDMbBeV1mpbO3mhO3gwKg+ZGtUAsLnmlq7i1n001NytVXQDEzYT1nZAqvmn2hMCdTzlZFQEXNR4NSNbG5BfedDy30Qq9d1RnYIDtptfkdevmkHva/M5xuATB+izgxzZr8iPjorZNosQ0+Y6MHUqNDHuhrSDDd41zHmU9iMK0lszygbzzkKbMQGyCdBMzrbSUvRfDpBHO87HcqiDQJlX7QrmkNLW8oCG0A5jE39kbQOfWPmlsTiMjnEyYidIMj53SmJe8xkDiDe0SNiDzA8kSUpuQgkQdfGunLm3FtJv0TDWiTB6CfqkcLw176oNQFrZzGQZO9rRy33XRVmMYezTAjn06qZKrvmWDRgcBgm02DfXXYTNwPyy2ysJgAR0EE366I7sUMotM8pHhCWAa5wmYi0HwjoVOfeV8kSGILSC0C8dPpokMS4NYe1YRc21N1CoCyqGk21HUG1+qsX02kiJ203t/lKY7SLjFErq/DH1nB7XBsWu0x4ulXPD8KWU5sYG2/dzRA7KI225yd7KZAyASOUdPH8uj3/bRgOSYniJyuJ12sbXW/XgDY75vDZFxDTlMFthyIkmN+dknh4LSHtubHuj80QbaAqXdy19da9u76qLqt7CYEHnP3SGDxWdkkEzIFt1PD1Pal2hO+psq5AoyFfM2A45srhEnUxzJhDpEtJiRbT/KVxFV2zvIc76+KnhnmJI3N+5ShUskx5lYEzu2x6JxpdBNj+aKmw9EtBJI7Vzfmfufirai+bAeRQ/q7kriEpvt3rl/TX0VdjGsNFtMPbmJJAa50iwLuVtwdtF1TQ09mLj81UvUkXgnfX4C31WrSnLiYMDEZVVwQZ4P6RejFTBhpqPpkujshwztBGrmgkahwsT7KoF67/VfBZ8NTqhnaY8yZaCGO57kZsotzleQr1OnyfUQMZx8qbGqYsWLE6LmKTgNp8VFYpJCNJbcHyTVPiLwIkpJYi3VKIB7nvauuD08lNzzEvgCDJAEzPKVSK24O2WO09rbuGqx61iMJqM0wByC4+/tCNJ68krXkTAJKZouEwfNHr0WgCN+QXnAhKlj4nX3bTUr3zECI6ifCEjh8BlzZrhxs3QCdY8Z81aNY/NPZyx1mUPECLncj8hKLMV4hgi5Q4rg7A4FjnATJab26H4QZR8PhqbGnI3LO418/NWvq5FwSEvUDGxDSTsOZB33UCZGAJ6jN6jjzEX0IbJdBG17332Q2doOdItBI8QPqncXRc9uXLIN+oJ5qrwvD61POKgllsjpHWxGoiya2PyehFxHiJGaYuYA1k6aDzTvBpdT0uCRBUnYhrHNc8Oj3gCQCDbS46GFbCo14BbmjebT1uBPelPRx8xisQYFstEk/g6T3IVaq1xyudA1PMiY8IRMS+SLeNklisKHOBLiP87oMTAUZTDmFxFYWAMDoYBtqRzS3D3a9N1jmGTHxPgpcNpZg72gQ6NI0EzcX3Rk3BB4knMD3h2wBHmdk0xhHIj/uv8CocPwxY457gk6bySe8ap9uHY647IufDmhONm6qNDgReoZibRy37lHGPAb2CTprz3t0MolXCtLLOdm1GnxEaIJwz4ltnASJ35aq9nH3QGPPEUq4okft0FwYA6HqdE0xrcrSHZpEm0QTYjraPNUNfEPqOIFItc12wMCCdRvfdX2Gwjg0SQHR8eaLKoQcVKW/MGXkNA1IHl3fBJYag9z3mCQSPv8AVXNHCZSZdMxsnadMNJjQpCmhcaXAEquFcKcGkvLm7WGvUps4ACwdI2/lM1HkREgrTHHl1VtkBoVzF89wGGpCmCMxdflpbSO+6a9U0NENJ7rEd/zSb49YDJgGD1ty5zurNjw+1xab28eq1YwHWiILnbRgIQqOIJcQTBBjp3pl1GJJs1oudo1mEhi+JMbbKM0WDrTIm3erTGysT4g7wePMjxBjKodTdu1zBYEdpsEEHXVfPdekWOc1zS0tJBB1BBgg9QvaqmMJDnyRY3I0i8wNV4tWc5xLjcuJJPMkyT5rt+nnhvaYNWvUDCxShaIXRmTbIrFuFikqpgCJkKyi26eyBAzVGotieyA9VdcEeCwxzPyCogwnUq+4dRy0221v8ftCy64/2q+YOmH3yygIdPFxYjMFEuMIb3gAk7CVxRam50gwPEeZWpu6d4PzC1Va1xzAgmIsfodFWtPKRv2SR8lF7yCbk7o94A6kCAnuHxeHqGGhtjyMW270rSoOaXF/tC7REZbRYjXf4JmjxNzbQSIPZPREOODrloj3dZRblriSnuV7a3Zmn7bjLgYnl/tRzTl0bETp8zKcLqZIIseUqbGMP+Y8FRUHgEQ9xHNSvp4Vsk2AGynkDtAe/ZWDy0ToY2stsok30HKEgaUHipZzHuU72DQXPhfuOwUf08kE3A1AAvbu8fBWv/CWHUTyHJE/QxoNEL6Vl5UdSfWUyhxRDmFrWNbDtS6DprH0MpinQaAMzrgWgNEciYAVo7DndvmEpisG06gE8wT90JY19yyKy+IvkEAzvsl8XiDmDHZWt8IN9D8E9Rw+URNhpbRK0uDFxDnOJ5tjXkQVWAbrAjC4B5hmvawZycpPUX89uiHQxQqOyiwy5hteQITlThDakZ5texI84RafD2M9loaef+fFahisURxFHIO/MXy5bkfJaYWuiCIKaGGL9mkTftA/VAqYB4P7WsHKN9/zqqGhscwTnFzHsy3Bkb7lIYzGk9mmCSYMxoOkWKeqgN9p4EnsyfgOaTqcSps7LS4u5Wg93PwVtgCHkcQkbcIanRcWAvAlMMo21gRqSqirxkuIhh01MbbEbJLFYlz3AlxAibDlqyNBrr3JH0Md3z+0M7q7Ev6bqLdw8nWArNhJZoGCLLicPjajSCwtEzsD3gkyQPFL4jHVXuJdVebkZQYbAG0a/wArcj4lHAmZ0djyZY8R9IXZiymCYkGp3GLN87yqx2IJu67jqTz70NlGNIAOnS/LwRSL7rO7Fu41QF6gcWYpvMwcpg8jBM8ra+C8zqYcAWsvUsfRcaNQhpJDHkCD2uyZAuNea87dle3M0yD8OhGxW/SWoJ8RGRhYEp3NAQ07VoxYeJ5JMtXRU3AqDcxYynKIVNhgIrgnGLhaNEBRebrbXeWyx9G9zdB55hFRPU+OcYZhmFzzf9rRq48v5V56EcTqYrBNqPAa4Oc0QCAQHGIk3taei8qxgOOxUGplbdrJkhoGk8i7nzIC9Y9H/V02uo02lrKUNE+M6mdQdeYWbWOpWv5i8OMg2ZeZpCBXEgjnzWmP8FtlNz/vO65n5cCPI28mDa0EEzYfkoD9dfwIrqLmOh2+kaIAouFQuOkQJ+qhQjsQgw94XDNAGl7weUqDqd/z85pltuS0+SLaqtvEHebidQOGn1JUQXSBJjfwTbS0jmYQL6H871RQRq5D1IioRbUTqT+FTbjHAwJBQHNB5qIpiI1JUUUYW/iPnijxYvPw2QncTcT7ZJ6OP0QaOFIkkTIgTyUmU7dlvj4prEnyYv6ijwIYcVcP3k9Pa070L/ibyZDvC0KDmNO21kNlBpBzT+bILJ4Jhbl7qGPEXTd8d0LVfixAJDnbR2nXJt4JXEUmhoyazf7SlG0nTmNxNhtylQn2JhAr7SxPEqmlyY94/IoOMrvqAsJtuLnf6WQnvJdO/wCaomQ2JkX08UBsjzL3VMAyiGGD0sdBExqovxVbLlDzBs6Y5a9FOpedp5bdPgl8k+OnW9z3aDxRq7L0YJAbuK1mEGZzEC5Nybi0na6xre3rMDXlIFwm3iQ60RE8/wA1KE9hExcmJ8R9z8EJswgYN9Xr1mY6fPMhlxcY8tosRz3spmhqdgQ07TG9uWqm8gZAB2rg+JEE9/JVUm6LZTbvj790LbWaDlb6g/HyUiHGfHwjbuv4qdHCuqGGhxJFzEC/5srCk9CUWA7gHv0sdBHcrXh3DswzuENEkjnZD4lgzSDAdSDoLCD7LT4hJse4aPdlgDLJg7xHdKvhGoyuXFiM4h/rbnQiMu0EQR5SvKeINbh67skmm68GNC46QTEEWm9l6Ziqh9WQ32i2BA0JETHRcVi8AMVVq0y8NNMiIADWj90+9NzqLk+OvRPyxJ48xWYDgAc+JW4ilJjUGCDzB0KUfht1YYZn9pozTlJaHCRLRcRN/wByHV/hbL2mhAUkjmVVRkKdGiDBcbT4mPkiPpyYGp/JRSwZoFg0X8NdeZv3kck3dxLMi1kmY7hyH2UfUDmnWstfU3I+X53LQp9ErfKlphgzD0abmseHOe15fJiGPBj2ROkwDyM7DtX4/wBTiyHZ8tQtYGtaS3MSIcTaLHad+S5Ti2BqGmxxHYa3KZc0AOaXAw0m0xtM27ldcNqfqabTIdUphoe1xylwaexVDm+y4G1jNtRKDIgZSbvsGKVyGAqdv6wQITVGuAbkwuX4RxVrwKZMuAN4jQ2bEkuIESRrcxExdMfOq5Z3Y2m2ldY/RrZZmCOv3Qnua7oTrPfzUHHQAoTheByk+av6zVR5iziW7hshkbzpH1+CkWkAtOqFJaWkFMPxea5aDH4Vasv7QGRvErXEztb4LT6mawv+aJ6k9j3ex1tPn8Vp+DY12YHtDw7u9GEDDgyFiDyIqymbSI0U2UiTYWHT85rbHWkFpiZnv1/hOYVhImR3Ak/4VKlmU7ERV7CJvysi4Z4aL6/fZTxbQ0CTBOg3/hLNw5mdgiooeoPDDmTewJJ5IFoTLyRGn5uglj7ut3BKbuMXqC9WAIOn59VkaDp+StNw9RxkFoHNwk68gZ+KYoYVwZDnh9zMCNfHb6Kwtj2ll6iDma/DXURujPrzqI2/D4KdZgFgCZjwj8KhkMmR3T9vNDdRncgwB0mbAx5ax5oUEfWfl+dEXD4Z0uLiYiCBG/8AjXoivoWtabnryEfVSpLiQuY2m/WOXmUEuEEkwBcRaYnyIm/JWJwpn2iIM7bD+UnXoQRqCdybd46qrhDmCGZ78oBMSTlsByJPfKb4dw6pUdLSwButwT3gAxzufJEdTa4ENMTBzdQZsfE96TYzsRcDe8W5+YRBlB5FyFSRxxLarg8PSDnPqZiwgOEjU/6R4+SR/wCNOuKVMBkQHOmY5gAWSTaYJLiPavffTzjVHLIAtvy5gckRzH9IqAMQ/UbkMbVdUcCf2tDQJm2syef0StWoGi/gNz3BEqPywLNEHM52ggaHx+SrGYxoBewue4NOao4FoAFzka4fMbTeEAxtkO4wyyoKgn4s5i98hlOTUjYmwYJ9o8437iqnhHDqWLe8kvY8OdMPANZrrwW3Ps6gWvA0sHiWO9YPVtBDQ4k/6j7xGx8StcDxJo+tfIazLdxAMHmDrMbDp49RMJVaXgzCcwLWeom+iKTRT3NR5A1sCRz5ZEB4QaWJNeuXxDWiGjkJ+ZuU9UpTAG6PKpuVjbiIgZWl3OwO9uQ748iotplpa2RJ7Tp26H81KaqUxmEDstiTzgqWHbmJkZQSXPO8D2W6f51V3xHXJUqczIub+B3+SN6jopUBPaj8A0VjTwsiYCXtuCTFeG8Tp4mmWVABVaOydJi0GbRYX1EATzjSr1MPUMEtIPaAOsX21C5HEUn0ahElrmnUK8wHGadSG4iWmID2gf8AsOX4OS1lPImQk9Gd3h6lLGgOzZagaA5slskSWuaQZBBuCDN/BQocWqUC4V5eLAPbGY6gkj2TtYgGxudBxeWpTiowkgXD2XHfI0VhgPSctAZVYKrYIJN3mxgZnGCM0a9d1nOENxXHtGLmKz0fA8Vp1BmY8Fv5ZwN2nSxT1LFSdBuPD8heXV8bh2hr6VWpSdlGazhGtpbabaAnoE/w30gq7FlcC8sMOA0MtaOupb4rJk0TDlZpTVKeGnoJqAkjlJU2i0Df81XK0vSmiQcxcwzo4EanSRI84VrhuIMfdrw8bZSCLRuNNvNZDidexNAKt0ZaUQGkwbgQse8Am22vXoladYCYIuQfw+a36wOlBzL2w7ACDB1HRED3Ns11t/4SgxOx/wA/gRRV3srVyvRkbHfc1Ve5z4cJiYJ80cmQREWS9R8mSb3U2VAbTt+SqLFjyZNgA4EJRZBDi0T16bHzRqkG0C/JLPeM42B38PmtPqe7qPvyU3UIOyzckwf3IJho1hGqPHQD5pZh1J3soHtXm4BiOiqzVS9guEMZuv5Kyo0xa5n8/Oqh2Znl9dJ8VF1YHTuHgCZ+akuuYV1rSIme9aeRBtNrd6B669ztrz5jvm6AMW3MGzc/X7gFVJthy8mRJsbkW6Ql8XQL5vOUG2xjr8VB2KLpDB2QTmdbYwAOo+iHXxgEhzwAdpEmBeTvztyV7SeJOo6GtaLGRB+AHK4QK1ug3kRqB56JTEcWAY51NshpDXu0DS7nN4HPRVdfFOqNJJdYSZljYLQQ5rg4HfmJkWCcuBjAOVRHXYxoORt3bNFyBpIGw6lK1cZVqQGgMDSA6SHOLYJOXL2WmwiSZmVz+M9IKVF1QMJc4VbsaAAALm8RYwJBmW7hUD+PVXdlji1txaznCw7b9SYA0+i24tHXP/sz5NT7TpsdxKnTaWVH1HP90OkkyQHZZhlpBgt7lTvx9SpJNm7NBdDRJO57R627lW0cOGjM8hoNyXGP5PxUa3FmsEUxJ95w07m/dbExAdTK2Rm7lw7IxueqYbe37idIb99Fz3E+KOqw0DJTB7LB8zzKSqVXPdLnFxO5urjgfBTVcHOHYF+/om8L3KC3HeBYAtZnOrvkn304E7mwVu6hAiISlRkGeWiQ3PMaJVYhkdkCzdeU8z8lAMdlg/uMm9zy+/knH04iZvfdbY0uM/giwQVGXGMHhiXNYNtfHU/JZXx9YuIw7mCm3sglgdmI1cDym3+2d1PFk06Yptn1tUXI1ZT0Luh1A7yf2pjDURTaGwLDl8uiYPtEA8wHpNwIVRnaO381wOIwj2Egg26LFiNWMEKCOZLBY+pSMscR01BnWQrCnj6VT225He83Ty2WLE4i4mHbhnRLC2o3oR8RMJY0gDLqb2Hm20fRYsUBoiLruNUcbWEBtVlQe7Va0nuzOBI8HBN0eJBt34Wow7voVHD4HN5ZgtrE36YYcwRkIMdw/pE3bGVWxtWp59Du5peYVzgeP1nWY/DVTE9l5Y6BvFSPksWLM+lxnxNAzuOjLJvFan78PVadZZkqt/8AUg/DZGdxdsQPWNMiQ+nVFiQTEMO0/BYsWF9NjHQmpNQ57hqXEKbnCKtI2s2Yvvcxy0TH6kAludpfbMBMgG94np5rFiyviVepoXIx7gMRxVgnM5rRqCQ+D1mLhLt47SnK2o0mbgCoSSNoDPy6xYmppUIsyjlaTfxtkEB7s02/t1jEG/8A0+ZQW8aHtS8tA/bSqm8wYmnsQRpssWKf0yVK+o0j+tc4g9vI6+U03NcSHTIDwLRI0vJW2YhsmTUaXHMczYsIblg7dod89FixAuJZGyGToYqgWljJJILpBg9ntEi9u+/JRr8TbTaHmm1ky1r6jhreNNiGzrGkwtLEwYV3ARbZGqUXGOPMpvyuqE9iWhnsGXEE5W2mzpk7i1lTV/SekWH+yZkuAOUNzGe1qXDWYHcIGuLFvTCoEytka4hivSStUpNpsaGQ4ucWZiXHYySSI/DslcZXxNUN9dUMAWzkAwef7joNVixN2gdQbNRQerbq4vPICB5n7LZ4i4CGAMHS58z9IWLFdQYo9znGSST1MlSFF3LVaWKGGig9zoeC8EzEF/j9l2mGoBohogBYsWfcSYzxNO57IFanaPNYsVGQRSpRRcOxrGuqP9hgzHmY2H25kLFirzLPUBhGPe91V4h77gbMb+1vWB/+jurVjLaLFihkn//Z');

-- --------------------------------------------------------

--
-- Table structure for table `goodsInOrder`
--

CREATE TABLE `goodsInOrder` (
  `goodID` int(11) NOT NULL,
  `amount` int(11) NOT NULL,
  `orderID` int(11) NOT NULL,
  `price` int(15) NOT NULL DEFAULT 0
) ENGINE=InnoDB DEFAULT CHARSET=utf8mb4;

--
-- Dumping data for table `goodsInOrder`
--

INSERT INTO `goodsInOrder` (`goodID`, `amount`, `orderID`, `price`) VALUES
(1, 3, 1, 5000),
(1, 7, 9, 5000),
(1, 1, 10, 5000),
(1, 5, 12, 5000),
(1, 5, 13, 5000),
(1, 1, 16, 5000),
(1, 1, 17, 5000),
(1, 1, 18, 5000),
(1, 2, 31, 4400),
(1, 2, 34, 0),
(2, 3, 14, 8000),
(3, 6, 25, 2000),
(5, 2, 19, 12000),
(5, 75, 22, 12000),
(5, 5, 24, 12000),
(5, 3, 27, 12000),
(5, 4, 30, 240),
(5, 3, 32, 11760),
(5, 1, 34, 0),
(6, 3, 20, 10000),
(6, 1, 27, 10000),
(6, 4, 32, 9000),
(6, 1, 33, 9000),
(7, 1, 15, 28000),
(7, 1, 16, 28000),
(7, 1, 17, 28000),
(7, 1, 18, 28000),
(7, 13, 23, 28000),
(7, 4, 31, 25200),
(7, 2, 32, 25200),
(8, 3, 28, 30000),
(9, 11, 27, 30000),
(10, 1, 16, 25000),
(10, 1, 17, 25000),
(10, 1, 18, 0),
(10, 3, 30, 2500),
(10, 2, 31, 22500),
(12, 1, 21, 0),
(12, 5, 26, 0),
(12, 5, 31, 31500),
(12, 2, 34, 0);

-- --------------------------------------------------------

--
-- Table structure for table `importOrder`
--

CREATE TABLE `importOrder` (
  `good` int(11) NOT NULL,
  `amount` int(11) NOT NULL,
  `time` timestamp NOT NULL DEFAULT current_timestamp() ON UPDATE current_timestamp(),
  `staff` int(11) NOT NULL,
  `price` int(15) NOT NULL
) ENGINE=InnoDB DEFAULT CHARSET=utf8mb4;

--
-- Dumping data for table `importOrder`
--

INSERT INTO `importOrder` (`good`, `amount`, `time`, `staff`, `price`) VALUES
(1, 100, '2022-04-15 03:28:19', 1, 2000),
(1, 2, '2022-04-15 03:28:28', 1, 2000),
(1, 4, '2022-04-15 03:28:34', 1, 2000),
(1, 4, '2022-04-15 03:28:39', 1, 2000),
(2, 200, '2022-04-15 03:29:47', 1, 1000);

-- --------------------------------------------------------

--
-- Table structure for table `order`
--

CREATE TABLE `order` (
  `id` int(11) NOT NULL,
  `userid` int(11) DEFAULT NULL,
  `date` timestamp NOT NULL DEFAULT current_timestamp() ON UPDATE current_timestamp(),
  `type` varchar(11) DEFAULT NULL,
  `price` int(25) DEFAULT NULL,
  `status` varchar(25) DEFAULT 'wait',
  `staffid` int(11) DEFAULT NULL
) ENGINE=InnoDB DEFAULT CHARSET=utf8mb4;

--
-- Dumping data for table `order`
--

INSERT INTO `order` (`id`, `userid`, `date`, `type`, `price`, `status`, `staffid`) VALUES
(1, 19, '2022-03-24 10:09:17', 'online', 15000, 'delivered', 1),
(2, 19, '2022-03-24 10:55:55', 'offline', NULL, 'pending', 1),
(4, NULL, '2022-03-27 09:23:42', 'offline', NULL, 'delivered', 8),
(5, NULL, '2022-03-27 09:30:36', 'offline', NULL, 'delivered', 8),
(6, NULL, '2022-03-27 09:34:59', 'offline', NULL, 'delivered', 8),
(7, NULL, '2022-03-27 09:35:26', 'offline', NULL, 'delivered', 8),
(8, NULL, '2022-03-27 09:35:57', 'offline', NULL, 'delivered', 8),
(9, NULL, '2022-03-27 09:37:25', 'offline', NULL, 'delivered', 8),
(10, NULL, '2022-03-27 12:44:00', 'offline', NULL, 'delivered', 8),
(11, NULL, '2022-03-27 12:53:09', 'offline', NULL, 'delivered', 8),
(12, NULL, '2022-03-27 12:56:38', 'offline', NULL, 'delivered', 8),
(13, 31, '2022-03-29 04:32:44', 'offline', NULL, 'delivered', 1),
(14, 32, '2022-03-29 04:51:27', 'offline', NULL, 'delivered', 1),
(15, 34, '2022-03-29 08:19:27', 'offline', NULL, 'delivered', 1),
(16, 19, '2022-04-05 15:40:01', 'offline', 90700, 'delivered', 8),
(17, NULL, '2022-04-05 16:15:37', 'offline', 90700, 'delivered', 8),
(18, 39, '2022-04-05 16:22:15', 'offline', 90700, 'delivered', 8),
(19, 39, '2022-04-05 16:27:36', 'offline', 23520, 'delivered', 8),
(20, 19, '2022-04-05 16:53:48', 'offline', 21600, 'delivered', 8),
(21, 39, '2022-04-05 16:54:47', 'offline', 31500, 'delivered', 8),
(22, 50, '2022-04-09 16:21:27', 'offline', 882000, 'delivered', 1),
(23, 33, '2022-04-10 02:46:38', 'offline', 327600, 'delivered', 1),
(24, 19, '2022-04-10 03:35:40', 'offline', 58800, 'delivered', 1),
(25, 53, '2022-04-11 04:38:45', 'offline', 10800, 'delivered', 1),
(26, 33, '2022-04-12 05:46:43', 'offline', 157500, 'pending', 1),
(27, 46, '2022-04-11 05:56:33', 'offline', 1068480, 'delivered', 1),
(28, 19, '2022-04-12 05:46:16', 'offline', 90000, 'delivered', 1),
(29, 19, '2022-04-13 05:56:35', 'offline', 9000, 'delivered', 1),
(30, 40, '2022-04-16 14:47:15', 'offline', 15191, 'delivered', 8),
(31, 45, '2022-04-16 14:51:48', 'offline', 553714, 'delivered', 8),
(32, 42, '2022-04-16 15:15:24', 'offline', 121680, 'delivered', 8),
(33, 54, '2022-04-19 15:06:13', 'offline', 9000, 'delivered', 8),
(34, 55, '2022-04-21 08:45:17', 'online', 83560, 'pending', NULL);

-- --------------------------------------------------------

--
-- Table structure for table `schedule`
--

CREATE TABLE `schedule` (
  `staff` int(11) NOT NULL,
  `day` varchar(20) NOT NULL,
  `shift` int(11) NOT NULL
) ENGINE=InnoDB DEFAULT CHARSET=utf8mb4;

-- --------------------------------------------------------

--
-- Table structure for table `shelf`
--

CREATE TABLE `shelf` (
  `position` int(11) NOT NULL,
  `name` varchar(55) DEFAULT NULL
) ENGINE=InnoDB DEFAULT CHARSET=utf8mb4;

--
-- Dumping data for table `shelf`
--

INSERT INTO `shelf` (`position`, `name`) VALUES
(1, 'Hàng 1 dãy 1'),
(2, 'Hàng 2 dãy 1'),
(3, 'Hàng 1 dãy 2'),
(4, 'Hàng 2 dãy 2'),
(23, 'Dãy cuối');

-- --------------------------------------------------------

--
-- Table structure for table `shift`
--

CREATE TABLE `shift` (
  `number` int(11) NOT NULL,
  `name` varchar(55) NOT NULL,
  `phonenum` varchar(11) NOT NULL,
  `status` varchar(15) NOT NULL
) ENGINE=InnoDB DEFAULT CHARSET=utf8mb4;

--
-- Dumping data for table `shift`
--

INSERT INTO `shift` (`number`, `name`, `phonenum`, `status`) VALUES
(1, 'sang', '123', 'checked');

-- --------------------------------------------------------

--
-- Table structure for table `staff`
--

CREATE TABLE `staff` (
  `id` int(11) NOT NULL,
  `phone` varchar(11) DEFAULT NULL,
  `role` varchar(50) DEFAULT NULL,
  `salaryBase` int(25) DEFAULT NULL,
  `name` varchar(55) DEFAULT NULL,
  `username` varchar(250) NOT NULL,
  `password` varchar(250) NOT NULL,
  `refreshToken` text DEFAULT NULL
) ENGINE=InnoDB DEFAULT CHARSET=utf8mb4;

--
-- Dumping data for table `staff`
--

INSERT INTO `staff` (`id`, `phone`, `role`, `salaryBase`, `name`, `username`, `password`, `refreshToken`) VALUES
(1, '0772026622', 'admin', NULL, 'Pham Hoang Truong', 'truong', '123', ''),
(8, '2', 'cashier', NULL, NULL, 'thuNgan', '$2b$10$Ksy55mLFU2YS/Ao5ZuKJg.29e.uygQu0dvMi67YcN/B5qp./zDcJy', ''),
(9, '3', 'admin', NULL, 'ahu', 'ahu', '$2b$10$m6yIW3vuzYn5wgu7O6LICebi15ADlZKjgaT4seeTOmPz6ZyAHJ5AC', NULL),
(10, '4', 'cashier', NULL, 'tran', 'tran', '$2b$10$hPj9DjtcVqH/6TU6Y1ZCS.LxnIWce8G199/SXXC0KSuwvnu273h2K', NULL),
(11, '5', 'staff', NULL, 'kho', 'kho', '$2b$10$d8U3/nU0sMUi7B.QagUYm.EUQFYG2iNAxIKRCeMams9JAvqimgYLW', NULL),
(12, '6', 'staff', NULL, 'kho1', 'kho1', '$2b$10$elrRsNRJ.5PQY/.xEF9szu97Nv3u4xNTaLMDs/ALmVyT9zeVXTBLi', NULL),
(13, '7', 'staff', NULL, 'kho2', 'kho2', '$2b$10$lk3pkvFtFwBl3JVu40DFMONasD./HeQk2bkzMBVY6WLLElWjLZKyW', NULL),
(14, '8', 'staff', NULL, 'kho3', 'kho3', '$2b$10$YyNLGcErsDb40vawZbl7ueQsWrJvs21ppAm3TfnEH9sdQe4LNyHj2', NULL),
(15, '9', 'staff', NULL, 'kho4', 'kho4', '$2b$10$L01xDwPbIZRrgnjKomG/u./pIALcKax73Xk4zCWfxAttSeSumg3lS', NULL),
(16, '10', 'staff', NULL, 'kho5', 'kho5', '$2b$10$FrBk/cx6dkJR6CgF3M1b9OWpdOT9Y5OZqX0QybEaxnTgOdwtc1m0G', 'eyJhbGciOiJIUzI1NiIsInR5cCI6IkpXVCJ9.eyJ1c2VySW5mbyI6eyJ1c2VybmFtZSI6ImtobzUifSwiaWF0IjoxNjQ5MzkzMDIwLCJleHAiOjE2NDk0Nzk0MjB9.PClYvqNku68eW9hYShgNVcvAv5aHIXQL5IC1K8iNHYI'),
(17, '11', 'admin', NULL, 'kho6', 'kho6', '$2b$10$n8ZJzlR1uJk9f8XaVAQake6uvBxKIfqMTXIRlz4IOea3ZoO0xm1HS', NULL),
(18, '12', 'staff', NULL, 'kho8', 'kho8', '$2b$10$E0OY3zgd8rxza/hXWeprXuXsnCESJX37M4d3wrc4HMprtr3Zq5BAO', NULL),
(19, '13', 'Ware', NULL, 'kho9', 'kho9', '$2b$10$FSi3soDNV/Nphtt4SUEIrO.S1uJ3Z83OqlvvSBC2uEmF4rVR4F9aq', ''),
(20, '14', 'Ware', NULL, 'kho10', 'kho10', '$2b$10$AgXlJconNaS0PRgq5wETz.KEi9H.ZEqmH2dHPjDs8RwidFI/KxW3G', NULL),
(21, '15', 'Ware', NULL, 'kho11', 'kho11', '$2b$10$LiCpPbFGSdpdzxGg8V/q8eQKnwLhoL4PJppBfILwlMYxnlcACoTmW', NULL),
(22, '16', 'Ware', NULL, 'kho12', 'kho12', '$2b$10$RsGXwqwubQg8cO6XyPDiauHKPBmM8ztgnuti1820dvtFClXAl1bKq', NULL),
(23, '17', 'Ware', NULL, 'kho13', 'kho13', '$2b$10$Gay5JPKvSLzRI6a5YvERGeHOEvuifukPanndGrlwlch0wHz3.5o3y', NULL),
(24, '18', 'Ware', NULL, 'kho14', 'kho14', '$2b$10$5o8As7b4ta12bpQJDezDnuTj/0Sd0x1mKZEzOyL2vw8ZIswmU3F4y', NULL),
(25, '19', 'Ware', NULL, 'kho15', 'kho15', '$2b$10$J3imsdhGx4on37E/ktQzrO/x/7IbNQ/66EqYbFx3EX6kuIK5Acbue', NULL),
(26, '20', 'Ware', NULL, 'Nguyen van A', 'kho16', '$2b$10$fbESQStiA4h4N2cajnp88.26Okk0aFBGJ5hVNxme0otdJbLqlED3C', NULL),
(27, '21', 'Ware', NULL, 'Phạm Hoàng Trường', 'truongdtrai', '$2b$10$hZ9KbaxZMP.1Y4YOymUR/.66Wzx8oiasiLoW8DMQiucXY83SMV0mS', NULL),
(28, '22', 'Ware', NULL, 'Phạm Hoàng Trường', 'truongdtrai123', '$2b$10$.k4uI5TR1.dlp.eKEIQ1Y.layYtdlQGvgr.m.blXFeMWAN/MrZ.w6', NULL),
(29, '0776765564', 'cashier', NULL, 'Nguyen Thi Ngan', 'cashierA', '$2b$10$tRaWehT3R0lw2uveDPS4XOh9Lkds/gZ/xAN8vYeTrGGJ8cKhk/IO2', ''),
(30, '0772026629', 'cashier', NULL, 'Nguyen Thi Ngan', 'aaaaa', '$2b$10$ST9lme6Pfw2KnV//jKYspOcFJxnRczifNqNLzLchZglL5dNWJBOUm', NULL),
(31, '12321', 'admin', NULL, 'Nguyen Van dui', 'admin1', '1234', ''),
(32, '33333', 'admin', NULL, 'avb', 'admin2', '$2b$10$EY33EmBf41a6OQifD3tEwOp3ZXx.VH871Ej06ZMloYuFPg9GbkivC', 'eyJhbGciOiJIUzI1NiIsInR5cCI6IkpXVCJ9.eyJ1c2VySW5mbyI6eyJ1c2VybmFtZSI6ImFkbWluMiIsInVzZXJSb2xlIjoiYWRtaW4iLCJzdGFmZmlkIjozMn0sImlhdCI6MTY1MDM2NjAzNywiZXhwIjoxNjUwMzY2OTM3fQ.tj_bIi0T_oZUyZH9RTege6oQPAWa3D8cTX0PfVDUZzE'),
(33, '123123123', 'admin', NULL, 'Nguyen Thi admin', 'admin3', '$2b$10$waSC/D2HYUNhLUGlgmImveiTqzdkiqW.imsmQoy5mO9KR569K/KCW', 'eyJhbGciOiJIUzI1NiIsInR5cCI6IkpXVCJ9.eyJ1c2VySW5mbyI6eyJ1c2VybmFtZSI6ImFkbWluMyIsInVzZXJSb2xlIjoiYWRtaW4iLCJzdGFmZmlkIjozM30sImlhdCI6MTY1MDUzMDQwMywiZXhwIjoxNjUwNTMxMzAzfQ.OKNENfzEHLICI-KE59fNIqBKfAvCi10Z_rn8NNc-a_g');

-- --------------------------------------------------------

--
-- Table structure for table `user`
--

CREATE TABLE `user` (
  `id` int(11) NOT NULL,
  `phone` varchar(11) NOT NULL,
  `point` int(11) DEFAULT NULL,
  `name` varchar(100) DEFAULT NULL,
  `username` varchar(250) DEFAULT NULL,
  `password` varchar(250) DEFAULT NULL,
  `role` varchar(20) DEFAULT NULL,
  `refreshToken` text DEFAULT NULL,
  `dateCreated` timestamp NOT NULL DEFAULT current_timestamp()
) ENGINE=InnoDB DEFAULT CHARSET=utf8mb4;

--
-- Dumping data for table `user`
--

INSERT INTO `user` (`id`, `phone`, `point`, `name`, `username`, `password`, `role`, `refreshToken`, `dateCreated`) VALUES
(19, '0772026629', 28, 'Nguyen Thi B', 'tommy', '$2b$10$JZr5EwWiWY0wI.jcG5zvdOzW1Jd/Fj4uQYeqrixFFNOrhv3gVl4rG', 'user', '', '2022-03-24 11:03:42'),
(23, '098890', NULL, 'Tran Van Giau', '098890', '$2b$10$YXJRqbiXKsW4N8Mo5Ndf.uE7C1qRSnEyhjdKnJ9Qqm.HJ/EjoUITm', 'user', NULL, '2022-03-27 12:56:38'),
(24, '7676758', NULL, 'Le Van Viet', '7676758', '$2b$10$r88yGfk2KcK1VRr9hyFz5OfoD.G9S6PDydTjVQvwq05n/wQmA7Emi', 'user', NULL, '2022-03-27 13:06:48'),
(25, '123554', NULL, 'Tran Van Khôn', '123554', '$2b$10$n19qe/x0F0SUw66U7Oo4v.NceeTMo5G0s.C.CylMeRLwFoTsEJ0vu', 'user', NULL, '2022-03-27 13:08:15'),
(26, '0772026629', NULL, 'Phạm Hoàng Trường', 'kkkkkk', '$2b$10$PTlvzEH1d77LI82iK3t0We3rR8/RNp/8EGr2rk/buWgZljv1GfRpq', 'user', NULL, '2022-03-28 14:19:55'),
(27, '123321', NULL, 'Nguyen Thi Lua', '123321', '$2b$10$FNNqKQ0cNCu7XfjhwCS9zOuBDzwQAqteWsdM4tXA5KPNGZg0mVtza', 'user', NULL, '2022-03-29 04:22:40'),
(28, '2323', NULL, 'Nguyen van tai', '2323', '$2b$10$cJ6KKqJ45tBrjWAwqY/oPOVwwIHZZexPNdN6Vor31amC4GWTHLN3u', 'user', NULL, '2022-03-29 04:25:01'),
(29, '333322', NULL, 'xin chao', '333322', '$2b$10$rgqBUHQ7QXkjt7Dx0yyGRed.F9m3F1opmyLcNs1u6APpudb.GjHoi', 'user', NULL, '2022-03-29 04:27:11'),
(30, '33323', NULL, 'hello', '33323', '$2b$10$e9.Hj5bWhQtCyge1iJr06.5a/JtdFmEQxqRG31pez0KK3kQZbdZFm', 'user', NULL, '2022-03-29 04:31:49'),
(31, '222213', NULL, 'Hiiihi', '222213', '$2b$10$1ItPsDb1OWkPxssYFw4YvuDkXCUILk1gbHsy0LF4urO3ZDM.VmOm.', 'user', NULL, '2022-03-29 04:32:44'),
(32, '1233214', NULL, 'Nguyen Van A', '1233214', '$2b$10$.1f.2y/OuXnPb8vhzDdP/eOO/CjWjodZqUpgGvT.FZHSFKr.MCqXm', 'user', NULL, '2022-03-29 04:51:27'),
(33, '1234554', NULL, 'Pham van C', 'phamvanc', '$2b$10$ikFleEzQbLG/sdYlq5ssQeuzmoxKs/yLBr/OW6uFpZT8ChQhsj7uq', 'user', '', '2022-03-29 07:52:12'),
(34, '0772026626', NULL, 'Nguyen van a', '0772026626', '$2b$10$FE8D27DZsFPoFkBlFR2hwudjLTzePaVUkl4iAQihfisDe71r6WEXu', 'user', NULL, '2022-03-29 08:19:27'),
(35, '123', NULL, 'Ton Ngo Khong', '123', '$2b$10$bfOPVEcB3SC0I4jADFpxJuvSG5HO38SFz/N0vgesVMEFToh4V/WN6', 'user', NULL, '2022-04-05 16:08:03'),
(36, '321', NULL, 'Duong Tang', '321', '$2b$10$xnbS1SZ82Y5YP3f5lyhZKuNGmb.DfvYNz2NJ1wN.t0XNgnhlrX1.u', 'user', NULL, '2022-04-05 16:10:41'),
(37, '555', NULL, 'Nguyễn Văn Hậu', '555', '$2b$10$2tSwiW9dO9inIwn0YUyyUe98LxnxS3v9BPCVnXQ3RT3ar.z37sf8y', 'user', NULL, '2022-04-05 16:15:28'),
(38, '556', NULL, 'Bùi Tiến Dũng', '556', '$2b$10$cQGHm2ucC7DYXmomPZQ9ne0elAiHb/.75nXkKfyBHYl4sO4U2e.xu', 'user', NULL, '2022-04-05 16:20:34'),
(39, '777', NULL, 'Hồng Duy', '777', '$2b$10$SjZb6nkhDvzNNBiSx5EEzevsr.m5Pd5Q17/o8DIZT.kdJuvU83hpS', 'user', NULL, '2022-04-05 16:21:58'),
(40, '0584822138', 0, 'Nguyễn Thị B', 'userA', '$2b$10$AsWILbmMAPb3l91WlB1.U.NR.8Kh6JDmMOCfJotLt7BZqExlN1E3m', 'user', 'eyJhbGciOiJIUzI1NiIsInR5cCI6IkpXVCJ9.eyJ1c2VySW5mbyI6eyJ1c2VybmFtZSI6IlVzZXJBIiwidXNlclJvbGUiOiJ1c2VyIiwidXNlcmlkIjo0N30sImlhdCI6MTY0OTYwMTQzOCwiZXhwIjoxNjQ5NjAxNDQ4fQ.Dr7HOnhlKiwKUR9s1zW6kHWAa4iXLF8PtdFmDJFsNsg', '2022-04-08 05:42:07'),
(41, '098976567', 0, 'Trần Văn F', 'userB', '$2b$10$kabVsGRbEhc/KBYaEf18He8Wr9nHzvH7vXr1XwOUXO5zVsLjSmWgq', 'user', NULL, '2022-04-08 05:46:22'),
(42, '067843254', 0, 'Trần Văn H', 'userC', '$2b$10$4RKQ6SrqjY3IrgxyAziUHO32PT2OoqwIWoncHiISZZuwXNqFbUoIS', 'user', NULL, '2022-04-08 05:50:28'),
(43, '065487951', 0, 'Trần Văn U', 'userD', '$2b$10$NhIR8oPJg/1CaajDSVXW0.0TuhRgJDHZRM.2WMFK9tpTxLjwySc.u', 'user', NULL, '2022-04-08 05:52:29'),
(44, '087659832', 0, 'Trần Văn G', 'userE', '$2b$10$QmCB.d8HaicD8BjeDHSdmulri4tkBuLGC612qu6JQM7TXuZfaLesm', 'user', NULL, '2022-04-08 06:00:39'),
(45, '0663850079', 0, 'Trần Văn K', 'userF', '$2b$10$605RGuigi4rNnsMqVFriMu5oH8HvPyjXauwGVpioDMLeKMv17W7l.', 'user', NULL, '2022-04-08 06:01:27'),
(46, '0775342650', 0, 'Lê Văn P', 'userG', '$2b$10$QO7z8algHbSD4GTSGL3cMO.yRfd3dRsB3NMRoiQoay.k4Mm1vH.Wq', 'user', NULL, '2022-04-08 06:04:22'),
(47, '0665658878', 0, 'adam', 'UserA', '$2b$10$58xWpl.dlKdYjq0bHFrATOaHvWM12GGAGargHSQiq/N8Qi/0vAzKG', 'user', 'eyJhbGciOiJIUzI1NiIsInR5cCI6IkpXVCJ9.eyJ1c2VySW5mbyI6eyJ1c2VybmFtZSI6IlVzZXJBIiwidXNlclJvbGUiOiJ1c2VyIiwidXNlcmlkIjo0N30sImlhdCI6MTY0OTYwMTQzOCwiZXhwIjoxNjQ5NjAxNDQ4fQ.Dr7HOnhlKiwKUR9s1zW6kHWAa4iXLF8PtdFmDJFsNsg', '2022-04-08 06:27:10'),
(48, '0990009537', 0, 'jerry', 'Jerry', '$2b$10$peZu8HCgfdOC7zuDUQpaDeAf/ALx3pc8BszOTb4.NfJI8pPvKdEae', 'user', '', '2022-04-08 06:34:41'),
(49, '0997443321', 0, 'Nguy thi l', 'Hello', '$2b$10$2AzEZXzZu727Xs.AT5pqTuGbNQ54DCYLBV3rhj.9a3w2Wy12ANoSy', 'user', '', '2022-04-08 06:37:47'),
(50, '0887776650', 0, 'Teo', '0887776650', '$2b$10$FWQ58Cwq8pBGGeEAGUePl.bN4AqQx7GP6A2GlOo3a8C5uEc0VAqhu', 'user', NULL, '2022-04-09 16:21:22'),
(51, '0772026659', 0, 'Trần Thị Vân Anh', '0772026659', '$2b$10$MYKxEIwvolbOWkz.DurmWeU.H88QYTVR9dU6ezDf0GhsCXFbankuy', 'user', NULL, '2022-04-10 02:45:29'),
(52, '088766543', 0, 'Nguyễn Thị K', 'nguyenthik', '$2b$10$Q6NH./aQ5lLG7yxNxxMHBeF3tnpeZSbuB8lH.2flhPYMadxe08j1S', 'user', '', '2022-04-10 02:58:54'),
(53, '0776765564', 0, 'Adam John', '0776765564', '$2b$10$U6PehuoSEaDF7Dp5gYUFNekXWnNOfx537gmRgTA2KGcOlSaPl0n3q', 'user', NULL, '2022-04-11 04:38:40'),
(54, '123123123', 0, 'tom halland', '123123123', '$2b$10$gpxnzplQhtSFcw4oQGtDIOsw4fFU/7k6yAWEMcW/cHroyLQWjlLRq', 'user', NULL, '2022-04-19 15:06:07'),
(55, '0990878874', 0, 'Dam Vinh Hung', 'mrhung', '$2b$10$1FhebrlJr3iO3DKXa.huD.blnpemR/WMyMw0.zpQGGiSyoWLggIuS', 'user', 'eyJhbGciOiJIUzI1NiIsInR5cCI6IkpXVCJ9.eyJ1c2VySW5mbyI6eyJ1c2VybmFtZSI6Im1yaHVuZyIsInVzZXJSb2xlIjoidXNlciIsInVzZXJpZCI6NTV9LCJpYXQiOjE2NTA1MzAxMzcsImV4cCI6MTY1MDUzMTAzN30.AkTSVO5LjvubC8_BlkLGkCHm52fqqu2-PiOSKmkUzTo', '2022-04-21 08:18:32');

--
-- Indexes for dumped tables
--

--
-- Indexes for table `category`
--
ALTER TABLE `category`
  ADD PRIMARY KEY (`id`);

--
-- Indexes for table `chat`
--
ALTER TABLE `chat`
  ADD PRIMARY KEY (`id`),
  ADD KEY `sender` (`sender`),
  ADD KEY `reciever` (`reciever`);

--
-- Indexes for table `goods`
--
ALTER TABLE `goods`
  ADD PRIMARY KEY (`id`),
  ADD KEY `category` (`category`),
  ADD KEY `position` (`position`);

--
-- Indexes for table `goodsInOrder`
--
ALTER TABLE `goodsInOrder`
  ADD PRIMARY KEY (`goodID`,`orderID`),
  ADD KEY `orderID` (`orderID`);

--
-- Indexes for table `importOrder`
--
ALTER TABLE `importOrder`
  ADD PRIMARY KEY (`good`,`time`,`staff`),
  ADD KEY `staff` (`staff`);

--
-- Indexes for table `order`
--
ALTER TABLE `order`
  ADD PRIMARY KEY (`id`),
  ADD KEY `userid` (`userid`),
  ADD KEY `staffid` (`staffid`);

--
-- Indexes for table `schedule`
--
ALTER TABLE `schedule`
  ADD PRIMARY KEY (`staff`,`day`,`shift`),
  ADD KEY `shift` (`shift`);

--
-- Indexes for table `shelf`
--
ALTER TABLE `shelf`
  ADD PRIMARY KEY (`position`);

--
-- Indexes for table `shift`
--
ALTER TABLE `shift`
  ADD PRIMARY KEY (`number`);

--
-- Indexes for table `staff`
--
ALTER TABLE `staff`
  ADD PRIMARY KEY (`id`);

--
-- Indexes for table `user`
--
ALTER TABLE `user`
  ADD PRIMARY KEY (`id`);

--
-- AUTO_INCREMENT for dumped tables
--

--
-- AUTO_INCREMENT for table `chat`
--
ALTER TABLE `chat`
  MODIFY `id` int(11) NOT NULL AUTO_INCREMENT;

--
-- AUTO_INCREMENT for table `goods`
--
ALTER TABLE `goods`
  MODIFY `id` int(11) NOT NULL AUTO_INCREMENT, AUTO_INCREMENT=17;

--
-- AUTO_INCREMENT for table `order`
--
ALTER TABLE `order`
  MODIFY `id` int(11) NOT NULL AUTO_INCREMENT, AUTO_INCREMENT=35;

--
-- AUTO_INCREMENT for table `shelf`
--
ALTER TABLE `shelf`
  MODIFY `position` int(11) NOT NULL AUTO_INCREMENT, AUTO_INCREMENT=24;

--
-- AUTO_INCREMENT for table `staff`
--
ALTER TABLE `staff`
  MODIFY `id` int(11) NOT NULL AUTO_INCREMENT, AUTO_INCREMENT=34;

--
-- AUTO_INCREMENT for table `user`
--
ALTER TABLE `user`
  MODIFY `id` int(11) NOT NULL AUTO_INCREMENT, AUTO_INCREMENT=56;

--
-- Constraints for dumped tables
--

--
-- Constraints for table `chat`
--
ALTER TABLE `chat`
  ADD CONSTRAINT `chat_ibfk_1` FOREIGN KEY (`sender`) REFERENCES `staff` (`id`),
  ADD CONSTRAINT `chat_ibfk_2` FOREIGN KEY (`reciever`) REFERENCES `staff` (`id`);

--
-- Constraints for table `goods`
--
ALTER TABLE `goods`
  ADD CONSTRAINT `goods_ibfk_1` FOREIGN KEY (`category`) REFERENCES `category` (`id`),
  ADD CONSTRAINT `goods_ibfk_2` FOREIGN KEY (`position`) REFERENCES `shelf` (`position`);

--
-- Constraints for table `goodsInOrder`
--
ALTER TABLE `goodsInOrder`
  ADD CONSTRAINT `goodsInOrder_ibfk_1` FOREIGN KEY (`goodID`) REFERENCES `goods` (`id`),
  ADD CONSTRAINT `goodsInOrder_ibfk_2` FOREIGN KEY (`orderID`) REFERENCES `order` (`id`);

--
-- Constraints for table `importOrder`
--
ALTER TABLE `importOrder`
  ADD CONSTRAINT `importOrder_ibfk_1` FOREIGN KEY (`good`) REFERENCES `goods` (`id`),
  ADD CONSTRAINT `importOrder_ibfk_2` FOREIGN KEY (`staff`) REFERENCES `staff` (`id`);

--
-- Constraints for table `order`
--
ALTER TABLE `order`
  ADD CONSTRAINT `order_ibfk_1` FOREIGN KEY (`userid`) REFERENCES `user` (`id`),
  ADD CONSTRAINT `order_ibfk_2` FOREIGN KEY (`staffid`) REFERENCES `staff` (`id`);

--
-- Constraints for table `schedule`
--
ALTER TABLE `schedule`
  ADD CONSTRAINT `schedule_ibfk_1` FOREIGN KEY (`staff`) REFERENCES `staff` (`id`),
  ADD CONSTRAINT `schedule_ibfk_2` FOREIGN KEY (`shift`) REFERENCES `shift` (`number`);
COMMIT;

/*!40101 SET CHARACTER_SET_CLIENT=@OLD_CHARACTER_SET_CLIENT */;
/*!40101 SET CHARACTER_SET_RESULTS=@OLD_CHARACTER_SET_RESULTS */;
/*!40101 SET COLLATION_CONNECTION=@OLD_COLLATION_CONNECTION */;
